1,Outer box containers and lid of ice cream (made of paper),burnable trash,Inflammable,
2,The outer bag / containers and lid of ice cream (made of plastic),Plastic containers and packaging,Capacity plastic,use up the contents
3,Ice cream bar (wooden),burnable trash,Inflammable,
4,Ice cream spoon (paper and wood),burnable trash,Inflammable,
5,Ice cream spoon (plastic),Other plastic,Other plastic,
6,Iron,Metal,Metal,
7,Accordion curtain,and non-burnable trash,Incombustibility,
8,Oil and oil (cooking oil),burnable trash,Inflammable,Would you like to solid in clotting agent to soak into the paper
9,Oil and oil (engine oil),It does not collect in the city,Not collected,* 18 page reference of "garbage sorting Guidebook"
10,Oil and oil containers (plastic),Plastic containers and packaging,Capacity plastic,use up the contents
11,Raincoat,Other plastic,Other plastic,
12,Net (made of metal),Metal,Metal,
13,Net (plastic),Other plastic,Other plastic,
14,Album (made of paper),burnable trash,Inflammable,
15,Aluminum sash,Metal,Metal,
16,Aluminum pot (pot Yaki udon etc),Metal,Metal,
17,Aluminum foil,burnable trash,Inflammable,
18,Box-core of aluminum foil (made of paper),burnable trash,Inflammable,
19,Blade of aluminum foil,Metal,Metal,
20,Safety pin,Metal,Metal,Put Put in a small metal container such as empty cans
21,Antenna,Metal,Metal,
22,Costume case (made of paper),Magazine,Magazine,Bundling crosswise with string along with the magazine open
23,Costume case (made of metal),Metal,Metal,
24,Costume case (plastic),Other plastic,Other plastic,
25,Chairs (wooden),burnable trash,Inflammable,
26,Chair (made of metal),Metal,Metal,
27,Chair (made of plastic),Other plastic,Other plastic,
28,Unicycle (toys),Metal,Metal,
29,Unicycle (for transportation),Metal,Metal,
30,One bushel bottle,Jar,Jar,As much as possible I returned to the dealer
31,Thread,burnable trash,Inflammable,
32,Kennel (wooden),burnable trash,Inflammable,
33,Kennel (made of metal),Metal,Metal,
34,Kennel (plastic),Other plastic,Other plastic,
35,Clothing cloth,Clothing cloth,Cloth,put in the combustible things of that contains the leather products and cotton-feather
36,Cloth drier,Home Appliance Recycling Law items subject,Consumer electronics,* 15 page reference of "garbage sorting Guidebook"
37,Foundry,Metal,Metal,
38,Seal (ivory-wooden),burnable trash,Inflammable,
39,Seal (plastic),Other plastic,Other plastic,
40,Ink cartridge (for printer),Other plastic,Other plastic,as much as possible using the over-the-counter recovery
41,The outer bag / box-lid-container of instant food (made of paper),burnable trash,Inflammable,
42,Outer bag-lid-container of instant food (made of plastic),Plastic containers and packaging,Capacity plastic,use up the contents
43,Container of drinking water (made of metal),Metal,Metal,use up the contents
44,Container of drinking water (no paper coating),Beverages paper pack,Pulp and paper,500ml or more of those. Bundling crosswise with string and cut open
45,Container of drinking water (with paper-coating),burnable trash,Inflammable,Because recycling is difficult
46,Container of drinking water (bottled),PET bottles,Pet,PET mark only subject
47,Ueki (pruned branches),burnable trash,Inflammable,Bundling Cut approximately 1m
48,Ueki (Miki root),burnable trash,Inflammable,want to diameter 5cm below
49,Flowerpot (made pottery),and non-burnable trash,Incombustibility,
50,Flowerpot (plastic),Other plastic,Other plastic,
51,Wet tissue,burnable trash,Inflammable,
52,Float (made vinyl),Other plastic,Other plastic,
53,Fan (made of bamboo),burnable trash,Inflammable,
54,Fan (plastic),Other plastic,Other plastic,
55,Udon - near the outer bag (made vinyl),Plastic containers and packaging,Capacity plastic,use up the contents
56,Pram,Metal,Metal,
57,Duvet,burnable trash,Inflammable,put in a transparent and semi-transparent bag
58,Air conditioning (cooler),Home Appliance Recycling Law items subject,Consumer electronics,* 15 page reference of "garbage sorting Guidebook"
59,Paint tubes (made of metal),Metal,Metal,use up the contents
60,Paint tubes (plastic),Plastic containers and packaging,Capacity plastic,use up the contents
61,Paint boxes (made of paper),burnable trash,Inflammable,
62,Electone,Metal,Metal,
63,Extension cord,and non-burnable trash,Incombustibility,Tie by bundling
64,Pencil-colored pencil,burnable trash,Inflammable,
65,Pencil-colored pencil case (made of paper),burnable trash,Inflammable,
66,Pencil-colored pencil case (made of metal),Metal,Metal,
67,Pencil-colored pencil case (plastic),Plastic containers and packaging,Capacity plastic,
68,Pencil sharpener,Metal,Metal,
69,Toaster oven range,Metal,Metal,
70,Motorcycle and (moped including bicycle),It does not collect in the city,Not collected,* 17 See page of "garbage sorting Guidebook"
71,Crown,Metal,Metal,
72,Tub (wooden),burnable trash,Inflammable,
73,Tub (made of metal),Metal,Metal,
74,Tub (plastic),Other plastic,Other plastic,
75,Pushpin,Metal,Metal,Put Put in a small metal container such as empty cans
76,Ladle (wooden),burnable trash,Inflammable,
77,Ladle (made of metal),Metal,Metal,
78,Ladle (plastic),Other plastic,Other plastic,
79,Potty,Other plastic,Other plastic,get rid of filth
80,Diapers (paper and cloth),burnable trash,Inflammable,Filth I passed through the toilet
81,Toys (wooden),burnable trash,Inflammable,
82,Toys (made of metal),Metal,Metal,Battery I remove
83,Toys (plastic),Other plastic,Other plastic,
84,Organ electronic piano,Metal,Metal,
85,Grater (made of metal),Metal,Metal,
86,Grater (plastic),Other plastic,Other plastic,
87,Grater (made by ceramic-ceramic),and non-burnable trash,Incombustibility,
88,Thermometer (Mercury),and non-burnable trash,Incombustibility,
89,Thermometer (digital),Metal,Metal,Battery I remove
90,Curtain I (including race),burnable trash,Inflammable,Because recycling is difficult
91,Curtain rail,Metal,Metal,
92,Carbon paper,burnable trash,Inflammable,Because recycling is difficult
93,Seashell,burnable trash,Inflammable,turn off the water
94,Flashlight,Metal,Metal,Battery I remove
95,Cairo (disposable),and non-burnable trash,Incombustibility,
96,Mirror class,and non-burnable trash,Incombustibility,
97,Fence (made of metal),Metal,Metal,
98,Fence (bamboo-wood),burnable trash,Inflammable,break within 1m
99,Furniture (wooden),burnable trash,Inflammable,* 5 See page of "garbage sorting Guidebook"
100,Furniture (made of metal),Metal,Metal,
101,Furniture (made of plastic),Other plastic,Other plastic,
102,Learning desk (wooden),burnable trash,Inflammable,* 5 See page of "garbage sorting Guidebook"
103,Learning desk (made of metal),Metal,Metal,
104,Frame (wooden),burnable trash,Inflammable,Bracket put in the metal
105,Frame (made of metal),Metal,Metal,
106,Frame (plastic),Other plastic,Other plastic,Bracket put in the metal
107,Umbrella,Metal,Metal,
108,Confectionery cans,Metal,Metal,use up the contents
109,Confectionery box (made of paper),Magazine,Magazine,Bundling crosswise with string along with the magazine open
110,Confectionery box (made of metal),Metal,Metal,use up the contents
111,Confectionery bags (made of paper),burnable trash,Inflammable,Because recycling is difficult
112,Confectionery bags (plastic),Plastic containers and packaging,Capacity plastic,use up the contents
113,Stove burner,Metal,Metal,Battery I remove
114,Gas stove,Metal,Metal,Rubber hose put to combustible
115,Gas cylinder (LPG),It does not collect in the city,Not collected,* 18 page reference of garbage sorting Guidebook
116,Cassette cylinder (for desktop),Metal,Metal,And run out the contents / hole
117,Cassette tape case,Other plastic,Other plastic,
118,Cassette deck,Metal,Metal,
119,Catalogs,Magazine,Magazine,bundled crosswise with string
120,Cup ramen of container (plastic),Plastic containers and packaging,Capacity plastic,use up the contents
121,Cup ramen of the lid (made of paper),burnable trash,Inflammable,
122,Cup ramen of the lid (made of plastic),Plastic containers and packaging,Capacity plastic,
123,Wig (made human hair),burnable trash,Inflammable,
124,Wig (made of plastic),Other plastic,Other plastic,
125,Hammer (made of metal),Metal,Metal,
126,Hammer (plastic),Other plastic,Other plastic,
127,Bag (leather-cloth),burnable trash,Inflammable,
128,Bag (made vinyl),Other plastic,Other plastic,
129,Vase (made of metal),Metal,Metal,
130,Vase (bamboo-wood),burnable trash,Inflammable,
131,Vase (made of ceramics / glass),and non-burnable trash,Incombustibility,
132,Wallpaper (made of paper),burnable trash,Inflammable,
133,Wallpaper (made vinyl),Other plastic,Other plastic,
134,Sickle,Metal,Metal,
135,Paper cups / paper plates,burnable trash,Inflammable,Because recycling is difficult
136,Razor-blade,Metal,Metal,Put Put in a small metal container such as empty cans
137,Hair,burnable trash,Inflammable,
138,Paper box,Magazine,Magazine,Bundling crosswise with string one side is more than 20cm
139,Paper bag,Magazine,Magazine,Vinyl string etc. are removed and bundled to cross with string with the magazine
140,Sandpaper,burnable trash,Inflammable,
141,Packing tape,burnable trash,Inflammable,
142,Camera,Metal,Metal,Battery I remove
143,Color box (wooden),burnable trash,Inflammable,
144,Color box (plastic),Other plastic,Other plastic,
145,Glasses,and non-burnable trash,Incombustibility,
146,Exhaust Fan,Metal,Metal,
147,Can opener,Metal,Metal,
148,Desiccant,burnable trash,Inflammable,Please be careful not to heat
149,Battery,Battery,Fluorescent tubes / batteries / Firefly-dry,Add to another transparent and semi-transparent bag together
150,Thermal paper,burnable trash,Inflammable,Because recycling is difficult
151,Keyboard,Metal,Metal,
152,Guitar (acoustic classic),burnable trash,Inflammable,Strings I remove
153,Guitar (electric),Metal,Metal,
154,Kimono obi,Clothing cloth,Cloth,
155,Stepladder (made of metal),Metal,Metal,
156,Teapot (metal),Metal,Metal,
157,Teapot (made pottery),and non-burnable trash,Incombustibility,
158,Teapot (plastic),Other plastic,Other plastic,
159,Milk carton,Beverages paper pack,Pulp and paper,Bundling crosswise with string and cut open
160,Milk cartons (those inside the aluminum-waxed processing),burnable trash,Inflammable,Because recycling is difficult
161,Milk bottle,Jar,Jar,As much as possible I returned to the dealer
162,Of milk bottle lid (made of paper),burnable trash,Inflammable,
163,Textbook,Magazine,Magazine,bundled crosswise with string
164,Dresser (dresser),burnable trash,Inflammable,Mirror part put in the "non-combustible"
165,Cooler (air conditioning),Home Appliance Recycling Law items subject,Consumer electronics,* 15 page reference of "garbage sorting Guidebook"
166,Cooler box (plastic),Other plastic,Other plastic,
167,Pile (wooden),burnable trash,Inflammable,
168,Pile (made of metal),Metal,Metal,
169,Pile (plastic),Other plastic,Other plastic,
170,Nail,Metal,Metal,Put Put in a small metal container such as empty cans
171,Grass-flower,burnable trash,Inflammable,Sat I remove
172,Mower,Metal,Metal,Fuel I remove
173,Comb (wooden),burnable trash,Inflammable,
174,Comb (metal),Metal,Metal,
175,Comb (plastic),Other plastic,Other plastic,
176,Skewer (made of bamboo),burnable trash,Inflammable,
177,Skewer (made of metal),Metal,Metal,
178,Skewer (made of plastic),Other plastic,Other plastic,
179,Shoes (cloth),burnable trash,Inflammable,
180,Shoes (made leather),burnable trash,Inflammable,
181,Socks,Clothing cloth,Cloth,
182,Cushion,burnable trash,Inflammable,
183,Cushion cover (cloth),Clothing cloth,Cloth,
184,Rake (made of bamboo),burnable trash,Inflammable,
185,Rake (made of metal),Metal,Metal,
186,Cleaning bag,Other plastic,Other plastic,
187,Crayon,burnable trash,Inflammable,
188,Globe,burnable trash,Inflammable,
189,Cotton work gloves,burnable trash,Inflammable,
190,Game machines and game software,Metal,Metal,Battery I remove
191,Fluorescent tubes,Fluorescent tubes,Fluorescent tubes / batteries / Firefly-dry,put in a new box-tube and bag fluorescent tube had entered
192,Mobile phones and charger,It does not collect in the city,Not collected,* 17 See page of "garbage sorting Guidebook"
193,Wool,Clothing cloth,Cloth,
194,Weighing only,Metal,Metal,
195,Eraser,burnable trash,Inflammable,
196,Cosmetic container (made of metal),Metal,Metal,use up the contents
197,Cosmetic container (made of glass),and non-burnable trash,Incombustibility,use up the contents
198,Cosmetic container (plastic),Plastic containers and packaging,Capacity plastic,use up the contents
199,Cosmetic container (made of paper),burnable trash,Inflammable,
200,Geta,burnable trash,Inflammable,
201,Cupboard,burnable trash,Inflammable,
202,Ketchup containers and lids (plastic),Plastic containers and packaging,Capacity plastic,use up the contents
203,Entrance Doro落 mat (made of metal),Metal,Metal,
204,Entrance Doro落 mat (made of plastic),Other plastic,Other plastic,
205,Doormat,burnable trash,Inflammable,
206,Advertising class (flyer),Newspaper,Newspaper,bundled crosswise with string along with the newspaper
207,Throne (produced by Lee grass),burnable trash,Inflammable,
208,Throne (made vinyl),Other plastic,Other plastic,
209,Kotatsu,Metal,Metal,
210,Top plate of the kotatsu (wooden),burnable trash,Inflammable,
211,Kotatsu,burnable trash,Inflammable,Put put in transparent and semi-transparent bag
212,Cup (made of metal),Metal,Metal,
213,Cup (made of glass),and non-burnable trash,Incombustibility,
214,Cup (plastic),Other plastic,Other plastic,
215,Milk powder container (made of metal),Metal,Metal,use up the contents
216,Of container of powdered milk lid (made of plastic),Plastic containers and packaging,Capacity plastic,
217,Recycle Bin (wooden),burnable trash,Inflammable,
218,Trash (made of metal),Metal,Metal,
219,Recycle Bin (plastic),Other plastic,Other plastic,
220,Rubber gloves,burnable trash,Inflammable,
221,Rice bin (made of metal),Metal,Metal,
222,Rice bin (plastic),Other plastic,Other plastic,
223,Rice bags (made of paper),Magazine,Magazine,bundled crosswise with string along with the magazine
224,Rice bags (made vinyl),Plastic containers and packaging,Capacity plastic,use up the contents
225,Golf Supplies (Club),Metal,Metal,
226,Golf Supplies (Caddie),and non-burnable trash,Incombustibility,
227,Golf equipment (ball),and non-burnable trash,Incombustibility,
228,Contact lenses,burnable trash,Inflammable,Incineration for reasons of hygiene
229,Surfboard,and non-burnable trash,Incombustibility,
230,Sideboard (wooden),burnable trash,Inflammable,Glass part put in the "non-combustible"
231,Magazine,Magazine,Magazine,bundled crosswise with string
232,Cushion,burnable trash,Inflammable,Cloth cover is I get to the "cloth
233,Dish (made of paper),burnable trash,Inflammable,
234,Dish (made of metal),Metal,Metal,
235,Dish (made pottery),and non-burnable trash,Incombustibility,
236,Dish (made of plastic),Other plastic,Other plastic,
237,Forced (made of bamboo),burnable trash,Inflammable,
238,Forced (made of metal),Metal,Metal,
239,Forced (plastic),Other plastic,Other plastic,
240,Sandals (made vinyl),Other plastic,Other plastic,
241,Tricycle,Metal,Metal,
242,CD ? Case,Other plastic,Other plastic,
243,CD Boombox,Metal,Metal,Battery I remove
244,Sheet,Clothing cloth,Cloth,
245,Poultice,burnable trash,Inflammable,
246,Film of poultice,Plastic containers and packaging,Capacity plastic,
247,Box of poultice (made of paper),burnable trash,Inflammable,
248,Poultice of container (plastic),Plastic containers and packaging,Capacity plastic,use up the contents
249,Bicycle,Metal,Metal,poster as "garbage"
250,Bicycle inflator,Metal,Metal,
251,Bamboo sword,burnable trash,Inflammable,
252,Sharp pencil (made of metal),Metal,Metal,
253,Sharp pencil (made of plastic),Other plastic,Other plastic,
254,Photo,burnable trash,Inflammable,
255,Shampoo Hat,Other plastic,Other plastic,
256,Shampoo containers,Plastic containers and packaging,Capacity plastic,use up the contents
257,Carpet (carpet),burnable trash,Inflammable,If you expire within 1m
258,Carpet (carpet),and non-burnable trash,Incombustibility,If you do not cut within 1m
259,Fire extinguisher,It does not collect in the city,Not collected,* 17 See page of "garbage sorting Guidebook"
260,Ruler (made of bamboo),burnable trash,Inflammable,
261,Ruler (made of metal),Metal,Metal,
262,Ruler (plastic),Other plastic,Other plastic,
263,Lighting equipment,Metal,Metal,Light bulbs / fluorescent tubes I remove
264,Watering (made of metal),Metal,Metal,
265,Watering (plastic),Other plastic,Other plastic,
266,Food tray,Plastic containers and packaging,Capacity plastic,as much as possible using the over-the-counter recovery
267,Tableware (made of metal),Metal,Metal,
268,Tableware (made pottery),and non-burnable trash,Incombustibility,
269,Tableware (plastic),Other plastic,Other plastic,
270,Dishwasher,Metal,Metal,
271,Cupboard (wooden),burnable trash,Inflammable,Glass part put in the "non-combustible" * 5 See page of "garbage sorting Guidebook"
272,Newspaper-flyer,Newspaper,Newspaper,bundled crosswise with string
273,Suit (suit),Clothing cloth,Cloth,
274,Suitcase,and non-burnable trash,Incombustibility,
275,Aquarium (made of glass),and non-burnable trash,Incombustibility,
276,Aquarium (plastic),Other plastic,Other plastic,
277,Rice cooker,Metal,Metal,
278,Ski equipment (plate),and non-burnable trash,Incombustibility,
279,Ski equipment (stock),and non-burnable trash,Incombustibility,
280,Ski equipment (shoes),and non-burnable trash,Incombustibility,
281,Ski equipment (hardware),burnable trash,Inflammable,Because recycling is difficult
282,Skate,Metal,Metal,
283,Skateboard,and non-burnable trash,Incombustibility,
284,Blind (made of bamboo),burnable trash,Inflammable,Rounding off within 1m
285,Blind (plastic),Other plastic,Other plastic,
286,Stove,Metal,Metal,Fuel-cell I remove
287,Stockings,burnable trash,Inflammable,
288,Straw,Other plastic,Other plastic,
289,Straw of the outer bag (made of paper),burnable trash,Inflammable,
290,Straw of the outer bag (made vinyl),Plastic containers and packaging,Capacity plastic,
291,Grates (wooden),burnable trash,Inflammable,
292,Grates (plastic),Other plastic,Other plastic,
293,Speaker,Metal,Metal,
294,Spoon (metal),Metal,Metal,
295,Spoon (plastic),Other plastic,Other plastic,
296,Spray can,Metal,Metal,And run out the contents / hole
297,Lid of spray cans (plastic),Plastic containers and packaging,Capacity plastic,
298,Slide (wooden),burnable trash,Inflammable,* 5 See page of "garbage sorting Guidebook"
299,Slide (plastic),Other plastic,Other plastic,
300,Sponge,burnable trash,Inflammable,
301,Trouser press,Metal,Metal,
302,Charcoal,burnable trash,Inflammable,
303,Slippers (cloth),burnable trash,Inflammable,
304,Slippers (rubber),burnable trash,Inflammable,
305,Slippers (made vinyl),Other plastic,Other plastic,
306,Soap,burnable trash,Inflammable,
307,Scotch tape,burnable trash,Inflammable,
308,Cellophane tape box (made of paper),burnable trash,Inflammable,
309,Table of cellophane tape,and non-burnable trash,Incombustibility,
310,Washing machine,Home Appliance Recycling Law items subject,Consumer electronics,* 15 page reference of "garbage sorting Guidebook"
311,Clothes pins,Metal,Metal,
312,Fan,Metal,Metal,
313,Basin (made of metal),Metal,Metal,
314,Basin (made of plastic),Other plastic,Other plastic,
315,Bathroom vanity,and non-burnable trash,Incombustibility,
316,Binoculars (made of metal),Metal,Metal,
317,Binoculars (plastic),Other plastic,Other plastic,
318,Dust cloth,burnable trash,Inflammable,
319,Vacuum cleaner,Metal,Metal,
320,Sofa (metal spring-filled),Metal,Metal,
321,Sofa (no metal spring),burnable trash,Inflammable,
322,Sofa bed,Metal,Metal,
323,Thermometer (Mercury),and non-burnable trash,Incombustibility,
324,Thermometer (digital),Metal,Metal,Battery I remove
325,Scales (health meter),Metal,Metal,Battery I remove
326,Tire,It does not collect in the city,Not collected,* 18 page reference of "garbage sorting Guidebook"
327,Tire chain (made of metal),Metal,Metal,
328,Tire chains (made of plastic),Other plastic,Other plastic,
329,Tire wheel (aluminum-made steel),Metal,Metal,Does not collect with tire
330,Towel,Clothing cloth,Cloth,
331,Tatami unit tatami,It does not collect in the city,Not collected,* 18 page reference of "garbage sorting Guidebook"
332,Egg pack (made of paper),Magazine,Magazine,Bundling crosswise with string along with the magazine and crush
333,Egg pack (plastic),Plastic containers and packaging,Capacity plastic,
334,Scourer,Metal,Metal,
335,Drawer,burnable trash,Inflammable,Mirror glass part and put in the "non-combustible"
336,Dumbbell (made of metal),Metal,Metal,
337,Dumbbell (plastic),Other plastic,Other plastic,
338,Cardboard,Cardboard,Dumbo,bundled crosswise with string
339,Child seat,Metal,Metal,
340,Tea strainer,Metal,Metal,
341,Saucers (wooden),burnable trash,Inflammable,
342,Saucers (made pottery),and non-burnable trash,Incombustibility,
343,Saucers (plastic),Other plastic,Other plastic,
344,Cup (made pottery),and non-burnable trash,Incombustibility,
345,Cup (plastic),Other plastic,Other plastic,
346,Needle-syringe (for home care),It does not collect in the city,Not collected,* 14 See page of "garbage sorting Guidebook"
347,Seasoning of container (made of glass),Jar,Jar,use up the contents
348,Seasoning of container (plastic bottles),PET bottles,Pet,use up the contents
349,Seasoning of container (plastic),Plastic containers and packaging,Capacity plastic,use up the contents
350,Flyer (ad earth),Newspaper,Newspaper,bundled crosswise with string along with the newspaper
351,Dustpan (made of metal),Metal,Metal,
352,Dustpan (plastic),Other plastic,Other plastic,
353,Toilet paper,burnable trash,Inflammable,
354,Disposable body warmer,and non-burnable trash,Incombustibility,
355,Disposable lighters,and non-burnable trash,Incombustibility,Add to another transparent and semi-transparent bag together
356,Desk table (wooden),burnable trash,Inflammable,* 5 See page of "garbage sorting Guidebook"
357,Desk table (made of metal),Metal,Metal,
358,Pickles barrels (wooden),burnable trash,Inflammable,
359,Pickles barrels (plastic),Other plastic,Other plastic,
360,Fishing line,Other plastic,Other plastic,
361,Fishing rod (bamboo),burnable trash,Inflammable,
362,Fishing rod (made of carbon),and non-burnable trash,Incombustibility,
363,Fishing rod (plastic),Other plastic,Other plastic,
364,T-shirt,Clothing cloth,Cloth,
365,Table cloth (cloth),Clothing cloth,Cloth,
366,Table cloth (made vinyl),Other plastic,Other plastic,
367,Tissue paper,burnable trash,Inflammable,
368,Box of tissue paper (made of paper),Magazine,Magazine,Vinyl Torikuchi is removed and bundling crosswise with string along with the magazine
369,Tissue paper bags (made of plastic),Plastic containers and packaging,Capacity plastic,
370,Tv set,Home Appliance Recycling Law items subject,Consumer electronics,* 15 page reference of "garbage sorting Guidebook"
371,Phone card,Other plastic,Other plastic,
372,Electric carpet and electric blankets,and non-burnable trash,Incombustibility,
373,Electric razor,Metal,Metal,
374,Electric toilet seats,Metal,Metal,
375,Bulb (incandescent lamp ? LED light bulb),and non-burnable trash,Incombustibility,
376,Microwave,Metal,Metal,
377,Calculator,Metal,Metal,Battery I remove
378,Drip pack tubing (for home care),burnable trash,Inflammable,* 14 See page of "garbage sorting Guidebook"
379,Tent (cloth),burnable trash,Inflammable,
380,Tent (made vinyl),and non-burnable trash,Incombustibility,
381,Phone,Metal,Metal,
382,Toaster,Metal,Metal,
383,Dialysis pack tubing (for home care),burnable trash,Inflammable,* 14 See page of "garbage sorting Guidebook"
384,Kerosene pump (manual),Other plastic,Other plastic,
385,Kerosene pump (electric),Metal,Metal,Battery I remove
386,Clock,Metal,Metal,Battery I remove
387,Cupboard (wooden),burnable trash,Inflammable,Glass part put in the "non-combustible" * 5 See page of "garbage sorting Guidebook"
388,Tin (metal),Metal,Metal,
389,Galvanized iron (plastic),and non-burnable trash,Incombustibility,
390,Earthen pot,and non-burnable trash,Incombustibility,
391,Dryer,Metal,Metal,
392,Trump (made of paper),burnable trash,Inflammable,
393,Trump (plastic),Other plastic,Other plastic,
394,Tray Bon (wooden),burnable trash,Inflammable,
395,Tray Bon (plastic),Other plastic,Other plastic,
396,Knife,Metal,Metal,wrap the blade part in paper or the like
397,Boots (rubber),burnable trash,Inflammable,
398,Pot,Metal,Metal,
399,Garbage,burnable trash,Inflammable,turn off the water
400,Jump rope (cloth),burnable trash,Inflammable,
401,Jump rope (made vinyl),Other plastic,Other plastic,
402,Packing string (paper and cloth),burnable trash,Inflammable,
403,Packing string (made vinyl),Other plastic,Other plastic,
404,Doll case (wooden),burnable trash,Inflammable,
405,Doll case (made of glass),and non-burnable trash,Incombustibility,
406,Doll case (plastic),Other plastic,Other plastic,
407,Stuffed Animals,burnable trash,Inflammable,
408,Tie,Clothing cloth,Cloth,
409,Screws,Metal,Metal,Put Put in a small metal container such as empty cans
410,Net (container of fruit),Plastic containers and packaging,Capacity plastic,
411,Adhesive tape (paper and cloth),burnable trash,Inflammable,
412,Adhesive tape (made vinyl),Other plastic,Other plastic,
413,Clay,and non-burnable trash,Incombustibility,
414,Note,Magazine,Magazine,
415,Saw,Metal,Metal,
416,Laver of bag (made vinyl),Plastic containers and packaging,Capacity plastic,use up the contents
417,Laver of container (made of metal),Metal,Metal,use up the contents
418,Laver of container (made of glass),Jar,Jar,use up the contents
419,Laver of container (plastic),Plastic containers and packaging,Capacity plastic,use up the contents
420,Harmonica,Metal,Metal,
421,Bike,It does not collect in the city,Not collected,* 17 See page of "garbage sorting Guidebook"
422,Pipe (made of metal),Metal,Metal,
423,Pipe (plastic),Other plastic,Other plastic,
424,Fly swatter,Other plastic,Other plastic,
425,Scale,Metal,Metal,
426,Bucket (made of metal),Metal,Metal,
427,Bucket (plastic),Other plastic,Other plastic,
428,The scissors,Metal,Metal,wrap the blade part in paper or the like
429,Chopsticks (bamboo-wood),burnable trash,Inflammable,
430,Chopsticks (plastic),Other plastic,Other plastic,
431,Ladder-stepladder (wooden),burnable trash,Inflammable,break within 1m
432,Ladder-stepladder (made of metal),Metal,Metal,
433,PC-PC display,It does not collect in the city,Not collected,* 16 See page of "garbage sorting Guidebook"
434,Bowl (made pottery),and non-burnable trash,Incombustibility,
435,Bowl (plastic),Other plastic,Other plastic,
436,Battery,It does not collect in the city,Not collected,* 18 page reference of "garbage sorting Guidebook"
437,Bat (wooden),burnable trash,Inflammable,
438,Bat (made of metal),Metal,Metal,
439,Bat (plastic),Other plastic,Other plastic,
440,Polystyrene foam,Plastic containers and packaging,Capacity plastic,
441,Fireworks,burnable trash,Inflammable,moistened with water
442,Toothbrush (motorized),Metal,Metal,Battery I remove
443,Toothbrush (plastic),Other plastic,Other plastic,
444,Toothpaste tube (plastic),Plastic containers and packaging,Capacity plastic,use up the contents
445,Toothpaste tube (made of metal),Metal,Metal,use up the contents
446,Needle class,Metal,Metal,Put Put in a small metal container such as empty cans
447,Hanger (metal),Metal,Metal,
448,Hanger (plastic),Other plastic,Other plastic,
449,Pantyhose,burnable trash,Inflammable,
450,Handbag (made leather),burnable trash,Inflammable,
451,Brochure (made of paper),Magazine,Magazine,bundled crosswise with string
452,Brochure (made vinyl coat processed paper),burnable trash,Inflammable,Because recycling is difficult
453,Marble,and non-burnable trash,Incombustibility,
454,Beer bottle,Jar,Jar,As much as possible I returned to the dealer
455,Pianica (keyboard harmonica),Metal,Metal,
456,Piano,It does not collect in the city,Not collected,* 18 page reference of "garbage sorting Guidebook"
457,Shave,Metal,Metal,Battery I remove
458,Video camera,Metal,Metal,
459,Video deck,Metal,Metal,
460,Video tape case,Other plastic,Other plastic,
461,Plastic sheet,Other plastic,Other plastic,
462,Vinyl Cross,Other plastic,Other plastic,
463,Vinyl wrapping cloth,Other plastic,Other plastic,
464,Brazier (made pottery),and non-burnable trash,Incombustibility,
465,Fire tongs,Metal,Metal,
466,Bottle (for food),Jar,Jar,use up the contents
467,Bottle (for agricultural chemicals and cosmetics),and non-burnable trash,Incombustibility,use up the contents
468,Stationery,Magazine,Magazine,bundled crosswise with string along with the magazine
469,Fax,Metal,Metal,
470,Fan heater,Metal,Metal,Fuel-cell I remove
471,Film (negative),Other plastic,Other plastic,
472,Envelope,burnable trash,Inflammable,
473,Wind Chimes (Metal),Metal,Metal,
474,Wind chimes (made pottery and glass),and non-burnable trash,Incombustibility,
475,Fork (made of metal),Metal,Metal,
476,Fork (plastic),Other plastic,Other plastic,
477,Brush (bamboo-wood),burnable trash,Inflammable,
478,Brush (made of plastic),Other plastic,Other plastic,
479,Pencil case (made of metal),Metal,Metal,
480,Pencil case (bamboo-wood),burnable trash,Inflammable,
481,Pencil case (plastic),Other plastic,Other plastic,
482,Futon,burnable trash,Inflammable,Remove the cotton / linen part and put in the cloth
483,Futon dryer,Metal,Metal,
484,Futon hit (made of bamboo),burnable trash,Inflammable,
485,Futon hit (made of plastic),Other plastic,Other plastic,
486,Frying pan,Metal,Metal,
487,Blind (made of metal),Metal,Metal,
488,Blind (plastic),Other plastic,Other plastic,
489,Plastic model,Other plastic,Other plastic,Motor put in the "metal"
490,Planter (made pottery),and non-burnable trash,Incombustibility,
491,Planter (plastic),Other plastic,Other plastic,
492,Pudding of the lid (made of aluminum),burnable trash,Inflammable,
493,Pudding of the lid (made of plastic),Plastic containers and packaging,Capacity plastic,
494,Pudding container (made of paper),burnable trash,Inflammable,use up the contents
495,Pudding container (made of glass),Jar,Jar,use up the contents
496,Pudding container (plastic),Plastic containers and packaging,Capacity plastic,use up the contents
497,Printer,Metal,Metal,
498,Floppy,Metal,Metal,
499,Bath tubs / chair / lid (wooden),burnable trash,Inflammable,
500,Bath tubs / chair / cover (plastic),Other plastic,Other plastic,
501,Bath mat,Other plastic,Other plastic,
502,Paper knife (made of metal),Metal,Metal,
503,Paper knife (plastic),Other plastic,Other plastic,
504,Hair brush,Other plastic,Other plastic,
505,PET bottles,PET bottles,Pet,PET mark only subject
506,PET bottle lid,Plastic containers and packaging,Capacity plastic,
507,Litter for pets,burnable trash,Inflammable,
508,Baby rack,Metal,Metal,
509,Stroller,Metal,Metal,
510,Health meter (scales),Metal,Metal,Battery I remove
511,Belt (cloth),burnable trash,Inflammable,Buckle part put in the "metal"
512,Belt (made leather),burnable trash,Inflammable,Buckle part put in the "metal"
513,Belt (made vinyl),Other plastic,Other plastic,Buckle part put in the "metal"
514,Helmet,Other plastic,Other plastic,
515,Pliers,Metal,Metal,
516,Lunch box (made of paper),burnable trash,Inflammable,Because recycling is difficult
517,Lunch box (made of metal),Metal,Metal,
518,Lunch box (plastic),Other plastic,Other plastic,
519,Hose (rubber),burnable trash,Inflammable,
520,Hose (made vinyl),Other plastic,Other plastic,
521,Ballpoint pen,Other plastic,Other plastic,
522,Enamel pot,Metal,Metal,
523,Broom (made of bamboo),burnable trash,Inflammable,
524,Broom (made of plastic),Other plastic,Other plastic,
525,Wrapping paper (made of paper),Magazine,Magazine,bundled crosswise with string along with the magazine
526,Wrapping paper (made oiled paper),burnable trash,Inflammable,Because recycling is difficult
527,Wrapping paper (made vinyl coat processed paper),burnable trash,Inflammable,Because recycling is difficult
528,Kitchen knife (made of metal),Metal,Metal,wrap the blade part in paper or the like
529,Kitchen knife (ceramic),and non-burnable trash,Incombustibility,wrap the blade part in paper or the like
530,Bowl (kitchenware) (made of metal),Metal,Metal,
531,Bowl (plastic),Other plastic,Other plastic,
532,Walker,Metal,Metal,
533,Pot,Metal,Metal,
534,Electric carpet,and non-burnable trash,Incombustibility,
535,Hot plate,Metal,Metal,
536,Bottle (made of glass),and non-burnable trash,Incombustibility,
537,Bottle (plastic),Other plastic,Other plastic,
538,Plastic tank,Other plastic,Other plastic,
539,Refrigerant,burnable trash,Inflammable,
540,This,Magazine,Magazine,bundled crosswise with string
541,Bookshelf-pronged (wooden),burnable trash,Inflammable,
542,Bookshelf-pronged (made of metal),Metal,Metal,
543,Bookshelf-pronged (plastic),Other plastic,Other plastic,
544,Mouse (for PC),Metal,Metal,
545,Pillow (made buckwheat shell-sponge contents),burnable trash,Inflammable,
546,Pillow (made of contents is plastic),Other plastic,Other plastic,
547,Scratcher (bamboo-wood),burnable trash,Inflammable,
548,Scratcher (plastic),Other plastic,Other plastic,
549,Magic marker,and non-burnable trash,Incombustibility,
550,Squares (wooden),burnable trash,Inflammable,
551,Squares (plastic),Other plastic,Other plastic,
552,Massage chair,Metal,Metal,
553,Match,burnable trash,Inflammable,moistened with water
554,Mattress (metal spring-filled),Metal,Metal,
555,Mattress (no metal spring),burnable trash,Inflammable,cut within 1m
556,Cutting board (wooden),burnable trash,Inflammable,
557,Cutting board (made of plastic),Other plastic,Other plastic,
558,Mayonnaise containers and lids (plastic),Plastic containers and packaging,Capacity plastic,use up the contents
559,Mixer body,Metal,Metal,
560,Mixer top (made of glass),and non-burnable trash,Incombustibility,
561,Mixer top (plastic),Other plastic,Other plastic,
562,Sewing machine,Metal,Metal,
563,Water pillow (made of rubber),burnable trash,Inflammable,Water I pull out
564,Mini component,Metal,Metal,
565,Mini disc (MD),Other plastic,Other plastic,
566,Ear (bamboo-wood),burnable trash,Inflammable,
567,Ear (plastic),Other plastic,Other plastic,
568,Insect cage (made of metal),Metal,Metal,
569,Insect cage (bamboo-wood),burnable trash,Inflammable,
570,Insect cage (made of plastic),Other plastic,Other plastic,
571,Steamer (made of metal),Metal,Metal,
572,Steamer (bamboo-wood),burnable trash,Inflammable,
573,Magnifying Glass,and non-burnable trash,Incombustibility,
574,Eye wear sunglasses (made of metal),Metal,Metal,
575,Eye wear sunglasses (made of celluloid),and non-burnable trash,Incombustibility,
576,Megaphone (made of paper),burnable trash,Inflammable,
577,Megaphone (plastic),Other plastic,Other plastic,
578,Major tape measure (made of metal),Metal,Metal,
579,Major tape measure (made vinyl),Other plastic,Other plastic,
580,Blankets,Clothing cloth,Cloth,
581,Mochi machine,Metal,Metal,
582,Laundry pole (made of bamboo),burnable trash,Inflammable,
583,Laundry pole (made of metal),Metal,Metal,
584,Clothes stand of the post (made of metal),Metal,Metal,The non-combustible If you can not split the pedestal
585,Clothes stand pedestal,and non-burnable trash,Incombustibility,
586,Kettle,Metal,Metal,
587,Chemicals (only drugs) Bottle,Jar,Jar,use up the contents
588,Chemicals (other than drinking agents) Bottle,and non-burnable trash,Incombustibility,use up the contents
589,Yukata-webbing,Clothing cloth,Cloth,
590,Hottie (made of metal),Metal,Metal,
591,Hottie (made pottery),and non-burnable trash,Incombustibility,
592,Hottie (plastic),Other plastic,Other plastic,
593,Yunomijawan,and non-burnable trash,Incombustibility,
594,Kettle,Metal,Metal,Battery I remove
595,Yogurt lid (made of aluminum),burnable trash,Inflammable,
596,Yogurt lid (made of plastic),Plastic containers and packaging,Capacity plastic,
597,Yogurt containers (made of paper),burnable trash,Inflammable,use up the contents
598,Yogurt containers (made of glass),Jar,Jar,use up the contents
599,Yogurt containers (plastic),Plastic containers and packaging,Capacity plastic,use up the contents
600,Bathtub,and non-burnable trash,Incombustibility,
601,Writer,and non-burnable trash,Incombustibility,Add to another transparent and semi-transparent bag together
602,Racket (Tennis),and non-burnable trash,Incombustibility,
603,Racket (badminton),and non-burnable trash,Incombustibility,
604,Racket (Table Tennis),burnable trash,Inflammable,
605,Radio Boombox,Metal,Metal,Battery I remove
606,Wrap (for food),Plastic containers and packaging,Capacity plastic,
607,Wrap core (for food) (made of paper),burnable trash,Inflammable,
608,Wrap outer box (for food) (made of paper),Magazine,Magazine,Cutter part is put to "metal" / bundling crosswise with string with the magazine
609,School bag (made leather / synthetic leather),burnable trash,Inflammable,
610,Recorder-freshly whistle (plastic),Other plastic,Other plastic,
611,Remote,Metal,Metal,Battery I remove
612,Riyaka,Metal,Metal,
613,Rucksack (cloth),burnable trash,Inflammable,
614,Backpack (made leather),burnable trash,Inflammable,
615,Backpack (made vinyl),Other plastic,Other plastic,
616,Rinse container (plastic),Plastic containers and packaging,Capacity plastic,use up the contents
617,Container refill rinse,Plastic containers and packaging,Capacity plastic,use up the contents
618,Loose-leaf (made of paper),burnable trash,Inflammable,Metal parts and put in the "metal"
619,Loose-leaf (made of plastic),Other plastic,Other plastic,Metal parts and put in the "metal"
620,Refrigerator,Home Appliance Recycling Law items subject,Consumer electronics,* 15 page reference of "garbage sorting Guidebook"
621,Freezer,Home Appliance Recycling Law items subject,Consumer electronics,* 15 page reference of "garbage sorting Guidebook"
622,Record,Other plastic,Other plastic,
623,Record of jacket (made of paper),Magazine,Magazine,bundled crosswise with string along with the magazine
624,Plastic shopping bag,Plastic containers and packaging,Capacity plastic,
625,Leisure sheet,Other plastic,Other plastic,
626,Retort pack,Plastic containers and packaging,Capacity plastic,use up the contents
627,Range,Metal,Metal,Battery I remove
628,Range hood (made of aluminum),Metal,Metal,
629,Lens (made of glass),and non-burnable trash,Incombustibility,
630,Lens (plastic),Other plastic,Other plastic,
631,Rope (made cloth / hemp),burnable trash,Inflammable,
632,Rope (made vinyl),Other plastic,Other plastic,
633,Candle,burnable trash,Inflammable,
634,Word processor,Metal,Metal,
635,Shirt,Clothing cloth,Cloth,
636,Wiper rubber,burnable trash,Inflammable,
637,Wiper metal parts,Metal,Metal,
638,Wine bottle,Jar,Jar,use up the contents
639,Rubber band,burnable trash,Inflammable,
640,Cotton,burnable trash,Inflammable,
641,Disposable chopsticks,burnable trash,Inflammable,
642,Disposable chopsticks of the outer bag (made of paper),burnable trash,Inflammable,
643,Disposable chopsticks of the outer bag (plastic),Plastic containers and packaging,Capacity plastic,
644,Container of one-cup,Jar,Jar,use up the contents