1,あいすくりーむのそとばこ・ようき・ふた（かみせい）,アイスクリームの外箱・容器・ふた（紙製）,燃やせるごみ,可燃,
2,あいすくりーむのそとぶくろ・ようき・ふた（ぷらすちっくせい）,アイスクリームの外袋・容器・ふた（プラスチック製）,容器包装プラスチック,容プラ,中身を使い切る
3,あいすくりーむのぼう（もくせい）,アイスクリームの棒（木製）,燃やせるごみ,可燃,
4,あいすくりーむのすぷーん（かみ・もくせい）,アイスクリームのスプーン（紙・木製）,燃やせるごみ,可燃,
5,あいすくりーむのすぷーん（ぷらすちっくせい）,アイスクリームのスプーン（プラスチック製）,その他プラスチック,他プラ,
6,あいろん,アイロン,金属,金属,
7,あこーでぃおんかーてん,アコーディオンカーテン,燃やせないごみ,不燃,
8,あぶら・おいる（しょくようゆ）,油・オイル（食用油）,燃やせるごみ,可燃,凝固剤で固形にするか、紙に染みこませる
9,あぶら・おいる（えんじんおいる）,油・オイル（エンジンオイル）,市で処理できません,処理不可,販売店または専門の処理業者に処理を依頼してください
10,あぶら・おいるのようき（ぷらすちっくせい）,油・オイルの容器（プラスチック製）,容器包装プラスチック,容プラ,汚れがとれないものは可燃
11,あまがっぱ・かっぱ,雨合羽,その他プラスチック,他プラ,
12,あみ（きんぞくせい）,網（金属製）,金属,金属,
13,あみ（ぷらすちっくせい）,網（プラスチック製）,その他プラスチック,他プラ,
14,あるばむ（かみせい）,アルバム（紙製）,燃やせるごみ,可燃,
15,あるみさっし,アルミサッシ,金属,金属,
16,あるみなべ（なべやきうどんとう）,アルミ鍋（鍋焼きうどん等）,金属,金属,
17,あるみはく,アルミ箔,燃やせるごみ,可燃,
18,あるみはくのはこ・しん（かみせい）,アルミ箔の箱・芯（紙製）,燃やせるごみ,可燃,カッター部分は金属に出す
19,あるみはくのは,アルミ箔の刃,金属,金属,
20,あんぜんぴん,安全ピン,金属,金属,空き缶等の小さな金属容器に入れて出す
21,あんてな,アンテナ,金属,金属,
22,いしょうけーす（かみせい）,衣装ケース（紙製）,雑誌,雑誌,開いて雑誌と一緒にひもで十文字に束ねる
23,いしょうけーす（きんぞくせい）,衣装ケース（金属製）,金属,金属,
24,いしょうけーす（ぷらすちっくせい）,衣装ケース（プラスチック製）,その他プラスチック,他プラ,
25,いす（もくせい）,椅子（木製）,燃やせるごみ,可燃,
26,いす（きんぞくいりのもの）,椅子（金属入りのもの）,金属,金属,
27,いす（ぷらすちっくせい）,椅子（プラスチック製）,その他プラスチック,他プラ,
28,いちりんしゃ（ゆうぐ）,一輪車（遊具）,金属,金属,
29,いちりんしゃ（うんぱんよう）,一輪車（運搬用）,金属,金属,
30,いちしょうびん,一升びん,びん,びん,なるべく販売店に戻す
31,いと,糸,燃やせるごみ,可燃,
32,いぬこや（もくせい）,犬小屋（木製）,燃やせるごみ,可燃,
33,いぬこや（きんぞくせい）,犬小屋（金属製）,金属,金属,
34,いぬこや（ぷらすちっくせい）,犬小屋（プラスチック製）,その他プラスチック,他プラ,
35,いふくるい・いるい,衣服類,衣類・布類,布類,皮革製品や綿・羽毛が入っているのものは「可燃」に出す
36,いるいかんそうき,衣類乾燥機,家電リサイクル法対象品目,家電,1.リサイクルする家電製品を購入した店か、買い替えをしようとする店に、リサイクル料金と収集運搬料金を支払い、依頼する。2.市の許可する収集運搬業者に、リサイクル料金と収集運搬料金を支払い、依頼する。3.郵便局で「家電リサイクル券」を購入し、指定引取場所に持込む。指定引取場所：(株)タヤマ 234-8666 津市高茶屋小森上野町南浜替1143 ※営業日、時間等は直接お問い合わせください。
37,いものるい,鋳物類,金属,金属,
38,いんかん（ぞうげ・もくせい）,印鑑（象牙・木製）,燃やせるごみ,可燃,
39,いんかん（ぷらすちっくせい）,印鑑（プラスチック製）,その他プラスチック,他プラ,
40,いんくかーとりっじ（ぷりんたーよう）,インクカートリッジ（プリンター用）,その他プラスチック,他プラ,なるべく店頭回収を利用する
41,いんすたんとしょくひんのそとぶくろ・はこ・ふた・ようき（かみせい）,インスタント食品の外袋・箱・ふた・容器（紙製）,燃やせるごみ,可燃,
42,いんすたんとしょくひんのそとぶくろ・ふた・ようき（ぷらすちっくせい）,インスタント食品の外袋・ふた・容器（プラスチック製）,容器包装プラスチック,容プラ,中身を使い切る
43,いんりょうすいのようき（きんぞくせい）,飲料水の容器（金属製）,金属,金属,中身を使い切る
44,いんりょうすいのようき（かみせい・こーてぃんぐなし）,飲料水の容器（紙製・コーティング無し）,飲料用紙パック,紙パ,５００ml以上のもの。切り開いてひもで十文字に束ねる
45,いんりょうすいのようき（かみせい・こーてぃんぐあり）,飲料水の容器（紙製・コーティング有り）,燃やせるごみ,可燃,リサイクルが困難なため
46,いんりょうすいのようき（ぺっとぼとる）,飲料水の容器（ペットボトル）,ペットボトル,ペット,PETマークのみ対象
47,うえき（せんていえだ）,植木（剪定枝）,燃やせるごみ,可燃,１ｍ程度に切って束ねる
48,うえき（みき・ね）,植木（幹・根）,燃やせるごみ,可燃,直径５cm 以下にし、できないものは不燃
49,うえきばち（とうじきせい）,植木鉢（陶磁器製）,燃やせないごみ,不燃,
50,うえきばち（ぷらすちっくせい）,植木鉢（プラスチック製）,その他プラスチック,他プラ,
51,うえっとてぃっしゅ,ウエットティッシュ,燃やせるごみ,可燃,
52,うきわ（びにーるせい）,浮き輪（ビニール製）,その他プラスチック,他プラ,
53,うちわ（たけせい）,うちわ（竹製）,燃やせるごみ,可燃,
54,うちわ（ぷらすちっくせい）,うちわ（プラスチック製）,その他プラスチック,他プラ,
55,うどん・そばのそとぶくろ（びにーるせい）,うどん・そばの外袋（ビニール製）,容器包装プラスチック,容プラ,中身を使い切る
56,うばぐるま,乳母車,金属,金属,
57,うもうふとん・ぶとん,羽毛布団,燃やせるごみ,可燃,透明・半透明袋に入れる
58,えあこん（くーらー）,エアコン（クーラー）,家電リサイクル法対象品目,家電,1.リサイクルする家電製品を購入した店か、買い替えをしようとする店に、リサイクル料金と収集運搬料金を支払い、依頼する。2.市の許可する収集運搬業者に、リサイクル料金と収集運搬料金を支払い、依頼する。3.郵便局で「家電リサイクル券」を購入し、指定引取場所に持込む。指定引取場所：(株)タヤマ 234-8666 津市高茶屋小森上野町南浜替1143 ※営業日、時間等は直接お問い合わせください。
59,えのぐのちゅーぶ（きんぞくせい）,絵の具のチューブ（金属製）,金属,金属,中身を使い切る
60,えのぐのちゅーぶ（ぷらすちっくせい）,絵の具のチューブ（プラスチック製）,容器包装プラスチック,容プラ,汚れがとれないものは可燃
61,えのぐのはこ（かみせい）,絵の具の箱（紙製）,燃やせるごみ,可燃,
62,えれくとーん,エレクトーン,金属,金属,
63,えんちょうこーど,延長コード,燃やせないごみ,不燃,束ねて結ぶ
64,えんぴつ・いろえんぴつ,鉛筆・色鉛筆,燃やせるごみ,可燃,
65,えんぴつ・いろえんぴつのけーす（かみせい）,鉛筆・色鉛筆のケース（紙製）,燃やせるごみ,可燃,
66,えんぴつ・いろえんぴつのけーす（きんぞくせい）,鉛筆・色鉛筆のケース（金属製）,金属,金属,
67,えんぴつ・いろえんぴつのけーす（ぷらすちっくせい）,鉛筆・色鉛筆のケース（プラスチック製）,容器包装プラスチック,容プラ,
68,えんぴつけずり,鉛筆削り,金属,金属,
69,おーぶんとーすたー・れんじ,オーブントースター・レンジ,金属,金属,
70,おーとばい（げんつきじてんしゃふくむ）,オートバイ（原付自転車含む）,市では収集しません,収集しない,廃棄オートバイ（原付バイクを含む）の処理に当たり、資源の有効活用を目的にオートバイの国内メーカー4社と輸入事業者12社によるリサイクルが行われています。「二輪車リサイクルコールセンター」03-3598-8075までお問い合わせください。
71,おうかん,王冠,金属,金属,
72,おけ（もくせい）,桶（木製）,燃やせるごみ,可燃,
73,おけ（きんぞくせい）,桶（金属製）,金属,金属,
74,おけ（ぷらすちっくせい）,桶（プラスチック製）,その他プラスチック,他プラ,
75,おしぴん,押しピン,金属,金属,空き缶等の小さな金属容器に入れて出す
76,おたま（もくせい）,おたま（木製）,燃やせるごみ,可燃,
77,おたま（きんぞくせい）,おたま（金属製）,金属,金属,
78,おたま（ぷらすちっくせい）,おたま（プラスチック製）,その他プラスチック,他プラ,
79,おまる,おまる,その他プラスチック,他プラ,汚物を取り除く
80,おむつ（かみ・ぬのせい）,おむつ（紙・布製）,燃やせるごみ,可燃,汚物はトイレに流す
81,おもちゃ（もくせい）,おもちゃ（木製）,燃やせるごみ,可燃,
82,おもちゃ（きんぞくせい）,おもちゃ（金属製）,金属,金属,電池は取り除く
83,おもちゃ（ぷらすちっくせい）,おもちゃ（プラスチック製）,その他プラスチック,他プラ,
84,おるがん・でんしぴあの,オルガン・電子ピアノ,金属,金属,
85,おろしき（きんぞくせい）,おろし器（金属製）,金属,金属,
86,おろしき（ぷらすちっくせい）,おろし器（プラスチック製）,その他プラスチック,他プラ,
87,おろしき（とうじき・せらみっくせい）,おろし器（陶磁器・セラミック製）,燃やせないごみ,不燃,
88,おんどけい（すいぎんしき）,温度計（水銀式）,危険ごみ,危険ごみ,
89,おんどけい（でじたるしき）,温度計（デジタル式）,金属・市内エコステーションに持ち込む,エコ/金属,エコステーション持ち込みで資源ごみとなります
90,かーてん（れーすふくむ）,カーテン（レース含む）,燃やせるごみ,可燃,リサイクルが困難なため
91,かーてんれーる,カーテンレール,金属,金属,
92,かーぼんし,カーボン紙,燃やせるごみ,可燃,リサイクルが困難なため
93,かいがら,貝殻,燃やせるごみ,可燃,水分を切る
94,かいちゅうでんとう,懐中電灯,金属・市内エコステーションに持ち込む,エコ/金属,電池は取り除く エコステーション持ち込みで資源ごみとなります
95,かいろ（つかいすて）,カイロ（使い捨て）,燃やせないごみ,不燃,
96,かがみるい,鏡類,燃やせないごみ,不燃,
97,かきね（きんぞくせい）,垣根（金属製）,金属,金属,
98,かきね（たけ・もくせい）,垣根（竹・木製）,燃やせるごみ,可燃,１m以内に壊す
99,かぐ（もくせい）,家具（木製）,燃やせるごみ,可燃,１ｍ程度の大きさにして出す
100,かぐ（きんぞくせい）,家具（金属製）,金属,金属,
101,かぐ（ぷらすちっくせい）,家具（プラスチック製）,その他プラスチック,他プラ,
102,がくしゅうつくえ（もくせい）,学習机（木製）,燃やせるごみ,可燃,1m以内に壊して、ガラス・金属部分は外してください
103,がくしゅうつくえ（きんぞくせい）,学習机（金属製）,金属,金属,
104,がくぶち（もくせい）,額縁（木製）,燃やせるごみ,可燃,金具は「金属」に出す
105,がくぶち（きんぞくせい）,額縁（金属製）,金属,金属,
106,がくぶち（ぷらすちっくせい）,額縁（プラスチック製）,その他プラスチック,他プラ,金具は「金属」に出す
107,かさ,傘,金属,金属,
108,かしかん,菓子缶,金属,金属,中身を使い切る
109,かしばこ（かみせい）,菓子箱（紙製）,雑誌,雑誌,開いて雑誌と一緒にひもで十文字に束ねる
110,かしばこ（きんぞくせい）,菓子箱（金属製）,金属,金属,中身を使い切る
111,かしぶくろ（かみせい）,菓子袋（紙製）,燃やせるごみ,可燃,リサイクルが困難なため
112,かしぶくろ（ぷらすちっくせい）,菓子袋（プラスチック製）,容器包装プラスチック,容プラ,中身を使い切る
113,がすこんろ,ガスコンロ,金属,金属,電池は取り除く
114,がすすとーぶ,ガスストーブ,金属,金属,ゴムホースは「可燃」に出す
115,がすぼんべ（えるぴーじー）,ガスボンベ（ＬＰＧ）,市で処理できません,処理不可,販売店または専門の処理業者に処理を依頼してください。
116,かせっとぼんべ（たくじょうよう）,カセットボンベ（卓上用）,金属,金属,中身を使い切って、穴を開ける
117,かせっとてーぷ・けーす,カセットテープ・ケース,その他プラスチック,他プラ,
118,かせっとでっき,カセットデッキ,金属,金属,
119,かたろぐ,カタログ,雑誌,雑誌,ひもで十文字に束ねる
120,かっぷらーめんのようき（ぷらすちっくせい）,カップラーメンの容器（プラスチック製）,容器包装プラスチック,容プラ,中身を使い切る
121,かっぷらーめんのふた（かみせい）,カップラーメンのふた（紙製）,燃やせるごみ,可燃,
122,かっぷらーめんのふた（ぷらすちっくせい）,カップラーメンのふた（プラスチック製）,容器包装プラスチック,容プラ,
123,かつら（ひとけせい）,かつら（人毛製）,燃やせるごみ,可燃,
124,かつら（ぷらすちっくせい）,かつら（プラスチック製）,その他プラスチック,他プラ,
125,かなづち（きんぞくせい）,かなづち（金属製）,金属,金属,
126,かなづち（ぷらすちっくせい）,かなづち（プラスチック製）,その他プラスチック,他プラ,
127,かばん（ひかく・ぬのせい）,かばん（皮革・布製）,燃やせるごみ,可燃,
128,かばん（びにーるせい）,かばん（ビニール製）,その他プラスチック,他プラ,
129,かびん（きんぞくせい）,花瓶（金属製）,金属,金属,
130,かびん（たけ・もくせい）,花瓶（竹・木製）,燃やせるごみ,可燃,
131,かびん（とうじき・がらすせい）,花瓶（陶磁器・ガラス製）,燃やせないごみ,不燃,
132,かべがみ（かみせい）,壁紙（紙製）,燃やせるごみ,可燃,
133,かべがみ（びにーるせい）,壁紙（ビニール製）,その他プラスチック,他プラ,
134,かま,鎌,金属,金属,
135,かみこっぷ・しさら,紙コップ・紙皿,燃やせるごみ,可燃,リサイクルが困難なため
136,かみそり・かわは,かみそり・替刃,金属,金属,空き缶等の小さな金属容器に入れて出す
137,かみのけ,髪の毛,燃やせるごみ,可燃,
138,かみばこ,紙箱,雑誌,雑誌,１辺が 20cm 以上のものは、 ひもで十文字に束ねる
139,かみぶくろ,紙袋,雑誌,雑誌,ビニール紐等は取り除き、雑誌と一緒にひもで十文字に束ねる
140,かみやすり,紙やすり,燃やせるごみ,可燃,
141,がむてーぷ,ガムテープ,燃やせるごみ,可燃,
142,かめら,カメラ,金属・市内エコステーションに持ち込む,エコ/金属,エコステーション持ち込みで資源ごみとなります
143,からーぼっくす（もくせい）,カラーボックス（木製）,燃やせるごみ,可燃,
144,からーぼっくす（ぷらすちっくせい）,カラーボックス（プラスチック製）,その他プラスチック,他プラ,
145,がらするい,ガラス類,燃やせないごみ,不燃,
146,かんきせん,換気扇,金属,金属,
147,かんきり,缶きり,金属,金属,
148,かんそうざい,乾燥剤,燃やせるごみ,可燃,発熱しないように注意
149,かんでんち,乾電池,危険ごみ,危険ごみ,まとめて透明・半透明の袋に入れる
150,かんねつし,感熱紙,燃やせるごみ,可燃,リサイクルが困難なため
151,きーぼーど,キーボード,金属,金属,
152,ぎたー（あこーすてぃっく・くらしっく）,ギター（アコースティック・クラシック）,燃やせるごみ,可燃,弦は外す
153,ぎたー（えれき）,ギター（エレキ）,金属,金属,
154,きもの・おび,着物・帯,衣類・布類,布類,
155,きゃたつ（きんぞくせい）,脚立（金属製）,金属,金属,
156,きゅうす（きんぞくせい）,きゅうす（金属製）,金属,金属,
157,きゅうす（とうじきせい）,きゅうす（陶磁器製）,燃やせないごみ,不燃,
158,きゅうす（ぷらすちっくせい）,きゅうす（プラスチック製）,その他プラスチック,他プラ,
159,ぎゅうにゅうぱっく,牛乳パック,飲料用紙パック,紙パ,切り開いてひもで十文字に束ねる
160,ぎゅうにゅうぱっく（うちがわがあるみ・ろうびきかこうのもの）,牛乳パック（内側がアルミ・蝋引き加工のもの）,燃やせるごみ,可燃,リサイクルが困難なため
161,ぎゅうにゅうびん,牛乳びん,びん,びん,なるべく販売店に戻す
162,ぎゅうにゅうびんのふた（かみせい）,牛乳びんのふた（紙製）,燃やせるごみ,可燃,
163,きょうかしょ,教科書,雑誌,雑誌,ひもで十文字に束ねる
164,きょうだい（どれっさー）,鏡台（ドレッサー）,燃やせるごみ,可燃,鏡部分は「不燃」に出す
165,くーらー（えあこん）,クーラー（エアコン）,家電リサイクル法対象品目,家電,1.リサイクルする家電製品を購入した店か、買い替えをしようとする店に、リサイクル料金と収集運搬料金を支払い、依頼する。2.市の許可する収集運搬業者に、リサイクル料金と収集運搬料金を支払い、依頼する。3.郵便局で「家電リサイクル券」を購入し、指定引取場所に持込む。指定引取場所：(株)タヤマ 234-8666 津市高茶屋小森上野町南浜替1143 ※営業日、時間等は直接お問い合わせください。
166,くーらーぼっくす（ぷらすちっくせい）,クーラーボックス（プラスチック製）,その他プラスチック,他プラ,
167,くい（もくせい）,杭（木製）,燃やせるごみ,可燃,
168,くい（きんぞくせい）,杭（金属製）,金属,金属,
169,くい（ぷらすちっくせい）,杭（プラスチック製）,その他プラスチック,他プラ,
170,くぎ,釘,金属,金属,空き缶等の小さな金属容器に入れて出す
171,くさ・はな,草・花,燃やせるごみ,可燃,土は取り除く
172,くさかりき,草刈機,金属,金属,燃料は取り除く
173,くし（もくせい）,櫛（木製）,燃やせるごみ,可燃,
174,くし（きんぞくせい）,櫛（金属製）,金属,金属,
175,くし（ぷらすちっくせい）,櫛（プラスチック製）,その他プラスチック,他プラ,
176,くし（たけせい）,串（竹製）,燃やせるごみ,可燃,
177,くし（きんぞくせい）,串（金属製）,金属,金属,
178,くし（ぷらすちっくせい）,串（プラスチック製）,その他プラスチック,他プラ,
179,くつ（ぬのせい）,靴（布製）,燃やせるごみ,可燃,
180,くつ（ひかくせい）,靴（皮革製）,燃やせるごみ,可燃,
181,くつした,靴下,衣類・布類,布類,
182,くっしょん,クッション,燃やせるごみ,可燃,
183,くっしょんのかばー（ぬのせい）,クッションのカバー（布製）,衣類・布類,布類,
184,くまで（たけせい）,熊手（竹製）,燃やせるごみ,可燃,
185,くまで（きんぞくせい）,熊手（金属製）,金属,金属,
186,くりーにんぐぶくろ,クリーニング袋,その他プラスチック,他プラ,
187,くれよん,クレヨン,燃やせるごみ,可燃,
188,ぐろーぶ,グローブ,燃やせるごみ,可燃,
189,ぐんて,軍手,燃やせるごみ,可燃,
190,げーむき・げーむそふと,ゲーム機・ゲームソフト,金属,金属,電池は取り除く
191,けいこうかん,蛍光管,危険ごみ,危険ごみ,新しい蛍光管が入っていた箱・筒や袋に入れる
192,けいたいでんわ・じゅうでんき,携帯電話・充電器,市では収集しません,収集しない,携帯電話・PHSの本体、充電式電池、充電器をブランド名に関係なく、無償で「モバイル・リサイクル・ネットワーク」の専用ロゴマークのある販売店で無償で回収しています。携帯電話等を廃棄される方は、モバイル・リサイクル・ネットワークロゴマークのあるお近くの販売店に処理を依頼してください。
193,けいと,毛糸,衣類・布類,布類,
194,けいりょうばかり,計量ばかり,金属,金属,
195,けしごむ,消しゴム,燃やせるごみ,可燃,
196,けしょうひんのようき（きんぞくせい）,化粧品の容器（金属製）,金属,金属,中身を使い切る
197,けしょうひんのようき（がらすせい）,化粧品の容器（ガラス製）,燃やせないごみ,不燃,中身を使い切る
198,けしょうひんのようき（ぷらすちっくせい）,化粧品の容器（プラスチック製）,容器包装プラスチック,容プラ,中身を使い切る
199,けしょうひんのようき（かみせい）,化粧品の容器（紙製）,燃やせるごみ,可燃,
200,げた,下駄,燃やせるごみ,可燃,
201,げたばこ,下駄箱,燃やせるごみ,可燃,
202,けちゃっぷのようき・ふた（ぷらすちっくせい）,ケチャップの容器・ふた（プラスチック製）,容器包装プラスチック,容プラ,中身を使い切る
203,げんかんどろ落まっと（きんぞくせい）,玄関泥落マット（金属製）,金属,金属,
204,げんかんどろ落まっと（ぷらすちっくせい）,玄関泥落マット（プラスチック製）,その他プラスチック,他プラ,
205,げんかんまっと,玄関マット,燃やせるごみ,可燃,
206,こうこくるい（ちらし）,広告類（チラシ）,新聞,新聞,新聞紙と一緒にひもで十文字に束ねる
207,ござ（いくさせい）,ござ（イ草製）,燃やせるごみ,可燃,
208,ござ（びにーるせい）,ござ（ビニール製）,その他プラスチック,他プラ,
209,こたつ,こたつ,金属,金属,
210,こたつのてんばん（もくせい）,こたつの天板（木製）,燃やせるごみ,可燃,
211,こたつふとん,こたつ布団,燃やせるごみ,可燃,透明・半透明袋に入れて出す
212,こっぷ（きんぞくせい）,コップ（金属製）,金属,金属,
213,こっぷ（がらすせい）,コップ（ガラス製）,燃やせないごみ,不燃,
214,こっぷ（ぷらすちっくせい）,コップ（プラスチック製）,その他プラスチック,他プラ,
215,こなみるくのようき（きんぞくせい）,粉ミルクの容器（金属製）,金属,金属,中身を使い切る
216,こなみるくのようきのふた（ぷらすちっくせい）,粉ミルクの容器のふた（プラスチック製）,容器包装プラスチック,容プラ,
217,ごみばこ（もくせい）,ごみ箱（木製）,燃やせるごみ,可燃,
218,ごみばこ（きんぞくせい）,ごみ箱（金属製）,金属,金属,
219,ごみばこ（ぷらすちっくせい）,ごみ箱（プラスチック製）,その他プラスチック,他プラ,
220,ごむてぶくろ,ゴム手袋,燃やせるごみ,可燃,
221,こめびつ（きんぞくせい）,米びつ（金属製）,金属,金属,
222,こめびつ（ぷらすちっくせい）,米びつ（プラスチック製）,その他プラスチック,他プラ,
223,こめぶくろ（かみせい）,米袋（紙製）,雑誌,雑誌,雑誌と一緒にひもで十文字に束ねる
224,こめぶくろ（びにーるせい）,米袋（ビニール製）,容器包装プラスチック,容プラ,
225,ごるふようひん（くらぶ）,ゴルフ用品（クラブ）,金属,金属,
226,ごるふようひん（きゃでぃばっぐ）,ゴルフ用品（キャディバッグ）,燃やせないごみ,不燃,
227,ごるふようひん（ぼーる）,ゴルフ用品（ボール）,燃やせないごみ,不燃,
228,こんたくとれんず,コンタクトレンズ,燃やせるごみ,可燃,衛生上の理由で焼却処理
229,さーふぼーど,サーフボード,燃やせないごみ,不燃,
230,さいどぼーど（もくせい）,サイドボード（木製）,燃やせるごみ,可燃,ガラス部分は「不燃」に出す
231,ざっし,雑誌,雑誌,雑誌,ひもで十文字に束ねる
232,ざぶとん,座布団,燃やせるごみ,可燃,布製カバーは「資源」に出す
233,さら（かみせい）,皿（紙製）,燃やせるごみ,可燃,
234,さら（きんぞくせい）,皿（金属製）,金属,金属,
235,さら（とうじきせい）,皿（陶磁器製）,燃やせないごみ,不燃,
236,さら（ぷらすちっくせい）,皿（プラスチック製）,その他プラスチック,他プラ,
237,ざる（たけせい）,ざる（竹製）,燃やせるごみ,可燃,
238,ざる（きんぞくせい）,ざる（金属製）,金属,金属,
239,ざる（ぷらすちっくせい）,ざる（プラスチック製）,その他プラスチック,他プラ,
240,さんだる（びにーるせい）,サンダル（ビニール製）,その他プラスチック,他プラ,
241,さんりんしゃ,三輪車,金属,金属,
242,しーでぃー・けーす,ＣＤ・ケース,その他プラスチック,他プラ,
243,しーでぃーらじかせ,ＣＤラジカセ,金属,金属,電池は取り除く
244,しーつ,シーツ,衣類・布類,布類,
245,しっぷやく,湿布薬,燃やせるごみ,可燃,
246,しっぷやくのふぃるむ,湿布薬のフィルム,容器包装プラスチック,容プラ,
247,しっぷやくのはこ（かみせい）,湿布薬の箱（紙製）,燃やせるごみ,可燃,
248,しっぷやくのようき（ぷらすちっくせい）,湿布薬の容器（プラスチック製）,容器包装プラスチック,容プラ,中身を使い切る
249,じてんしゃ,自転車,金属,金属,貼紙で「ゴミ」と表示して出す
250,じてんしゃくうきいれ,自転車空気入れ,金属,金属,
251,しない,竹刀,燃やせるごみ,可燃,
252,しゃーぷぺんしる（きんぞくせい）,シャープペンシル（金属製）,金属,金属,
253,しゃーぷぺんしる（ぷらすちっくせい）,シャープペンシル（プラスチック製）,その他プラスチック,他プラ,
254,しゃしん,写真,燃やせるごみ,可燃,
255,しゃんぷーはっと,シャンプーハット,その他プラスチック,他プラ,
256,しゃんぷーのようき,シャンプーの容器,容器包装プラスチック,容プラ,中身を使い切る
257,じゅうたん（かーぺっと）,じゅうたん（カーペット）,燃やせるごみ,可燃,１m以内に切れる場合
258,じゅうたん（かーぺっと）,じゅうたん（カーペット）,燃やせないごみ,不燃,１m以内に切れない場合
259,しょうかき,消火器,市で処理できません,処理不可,消火器のリサイクル・処分は（一社）日本消火器工業会が地域の販売代理店等と協力して行っています。引取り・持込等窓口ついては(一社)日本消火器工業会までお問い合わせください。　※リサイクルシール代及び運送・保管費用が必要です http://ferpc.jp/
260,じょうぎ（たけせい）,定規（竹製）,燃やせるごみ,可燃,
261,じょうぎ（きんぞくせい）,定規（金属製）,金属,金属,
262,じょうぎ（ぷらすちっくせい）,定規（プラスチック製）,その他プラスチック,他プラ,
263,しょうめいきぐ,照明器具,金属,金属,
264,じょうろ（きんぞくせい）,じょうろ（金属製）,金属,金属,
265,じょうろ（ぷらすちっくせい）,じょうろ（プラスチック製）,その他プラスチック,他プラ,
266,しょくひんとれー,食品トレー,容器包装プラスチック,容プラ,なるべく店頭回収を利用する
267,しょっき（きんぞくせい）,食器（金属製）,金属,金属,
268,しょっき（とうじきせい）,食器（陶磁器製）,燃やせないごみ,不燃,
269,しょっき（ぷらすちっくせい）,食器（プラスチック製）,その他プラスチック,他プラ,
270,しょっきあらいき,食器洗い機,金属,金属,
271,しょっきたな（もくせい）,食器棚（木製）,燃やせるごみ,可燃,ガラス部分は「不燃」に出す　1m以内に壊して、ガラス・金属部分は外してください。
272,しんぶんし・ちらし,新聞紙・チラシ,新聞,新聞,ひもで十文字に束ねる
273,すーつ（せびろ）,スーツ（背広）,衣類・布類,布類,
274,すーつけーす,スーツケース,燃やせないごみ,不燃,
275,すいそう（がらすせい）,水槽（ガラス製）,燃やせないごみ,不燃,
276,すいそう（ぷらすちっくせい）,水槽（プラスチック製）,その他プラスチック,他プラ,
277,すいはんき,炊飯器,金属,金属,
278,すきーようひん（いた）,スキー用品（板）,燃やせないごみ,不燃,
279,すきーようひん（すとっく）,スキー用品（ストック）,燃やせないごみ,不燃,
280,すきーようひん（くつ）,スキー用品（靴）,燃やせないごみ,不燃,
281,すきーようひん（うぇあ）,スキー用品（ウェア）,燃やせるごみ,可燃,
282,すけーとくつ,スケート靴,金属,金属,
283,すけーとぼーど,スケートボード,燃やせないごみ,不燃,
284,すだれ（たけせい）,すだれ（竹製）,燃やせるごみ,可燃,１ｍ以内に切って丸める
285,すだれ（ぷらすちっくせい）,すだれ（プラスチック製）,その他プラスチック,他プラ,
286,すとーぶ,ストーブ,金属,金属,燃料・電池は取り除く
287,すとっきんぐ,ストッキング,燃やせるごみ,可燃,
288,すとろー,ストロー,その他プラスチック,他プラ,
289,すとろーのそとぶくろ（かみせい）,ストローの外袋（紙製）,燃やせるごみ,可燃,
290,すとろーのそとぶくろ（びにーるせい）,ストローの外袋（ビニール製）,容器包装プラスチック,容プラ,
291,すのこ（もくせい）,すのこ（木製）,燃やせるごみ,可燃,
292,すのこ（ぷらすちっくせい）,すのこ（プラスチック製）,その他プラスチック,他プラ,
293,すぴーかー,スピーカー,金属,金属,
294,すぷーん（きんぞくせい）,スプーン（金属製）,金属,金属,
295,すぷーん（ぷらすちっくせい）,スプーン（プラスチック製）,その他プラスチック,他プラ,
296,すぷれーかん,スプレー缶,危険ごみ,危険ごみ,
297,すぷれーかんのふた（ぷらすちっくせい）,スプレー缶のふた（プラスチック製）,容器包装プラスチック,容プラ,
298,すべりだい（もくせい）,滑り台（木製）,燃やせるごみ,可燃,1m以内に壊して、ガラス・金属部分は外してください
299,すべりだい（ぷらすちっくせい）,滑り台（プラスチック製）,その他プラスチック,他プラ,
300,すぽんじ,スポンジ,燃やせるごみ,可燃,
301,ずぼんぷれっさー,ズボンプレッサー,金属,金属,
302,すみ,炭,燃やせるごみ,可燃,
303,すりっぱ（ぬのせい）,スリッパ（布製）,燃やせるごみ,可燃,
304,すりっぱ（ごむせい）,スリッパ（ゴム製）,燃やせるごみ,可燃,
305,すりっぱ（びにーるせい）,スリッパ（ビニール製）,その他プラスチック,他プラ,
306,せっけん,せっけん,燃やせるごみ,可燃,
307,せろはんてーぷ,セロハンテープ,燃やせるごみ,可燃,
308,せろはんてーぷのはこ（かみせい）,セロハンテープの箱（紙製）,燃やせるごみ,可燃,
309,せろはんてーぷのだい,セロハンテープの台,燃やせないごみ,不燃,
310,せんたくき,洗濯機,家電リサイクル法対象品目,家電,1.リサイクルする家電製品を購入した店か、買い替えをしようとする店に、リサイクル料金と収集運搬料金を支払い、依頼する。2.市の許可する収集運搬業者に、リサイクル料金と収集運搬料金を支払い、依頼する。3.郵便局で「家電リサイクル券」を購入し、指定引取場所に持込む。指定引取場所：(株)タヤマ 234-8666 津市高茶屋小森上野町南浜替1143 ※営業日、時間等は直接お問い合わせください。
311,せんたくばさみ,洗濯ばさみ,金属,金属,
312,せんぷうき,扇風機,金属,金属,
313,せんめんき（きんぞくせい）,洗面器（金属製）,金属,金属,
314,せんめんき（ぷらすちっくせい）,洗面器（プラスチック製）,その他プラスチック,他プラ,
315,せんめんけしょうだい,洗面化粧台,燃やせないごみ,不燃,
316,そうがんきょう（きんぞくせい）,双眼鏡（金属製）,金属,金属,
317,そうがんきょう（ぷらすちっくせい）,双眼鏡（プラスチック製）,その他プラスチック,他プラ,
318,ぞうきん,雑巾,燃やせるごみ,可燃,
319,そうじき,掃除機,金属,金属,
320,そふぁー（きんぞくすぷりんぐいり）,ソファー（金属スプリング入り）,金属,金属,
321,そふぁー（きんぞくすぷりんぐなし）,ソファー（金属スプリング無し）,燃やせるごみ,可燃,
322,そふぁーべっど,ソファーベッド,金属,金属,
323,たいおんけい（すいぎんしき）,体温計（水銀式）,危険ごみ,危険ごみ,
324,たいおんけい（でじたるしき）,体温計（デジタル式）,金属・市内エコステーションに持ち込む,エコ/金属,電池は取り除く エコステーション持ち込みで資源ごみとなります
325,たいじゅうけい（へるすめーたー）,体重計（ヘルスメーター）,金属,金属,電池は取り除く
326,たいや,タイヤ,市では収集しません,収集しない,販売店または専門の処理業者に処理を依頼してください
327,たいやちぇーん（きんぞくせい）,タイヤチェーン（金属製）,金属,金属,
328,たいやちぇーん（ぷらすちっくせい）,タイヤチェーン（プラスチック製）,その他プラスチック,他プラ,
329,たいやほいーる（あるみせい・すちーるせい）,タイヤホイール（アルミ製・スチール製）,金属,金属,タイヤ付きは収集しません
330,たおる,タオル,衣類・布類,布類,
331,たたみ・ゆにっとたたみ,畳・ユニット畳,市では収集しません,収集しない,販売店または専門の処理業者に処理を依頼してください。
332,たまごぱっく（かみせい）,卵パック（紙製）,雑誌,雑誌,つぶして雑誌と一緒にひもで十文字に束ねる
333,たまごぱっく（ぷらすちっくせい）,卵パック（プラスチック製）,容器包装プラスチック,容プラ,
334,たわし,たわし,金属,金属,
335,たんす,たんす,燃やせるごみ,可燃,鏡・ガラス部分は「不燃」に出す
336,だんべる（きんぞくせい）,ダンベル（金属製）,金属,金属,
337,だんべる（ぷらすちっくせい）,ダンベル（プラスチック製）,その他プラスチック,他プラ,
338,だんぼーる,ダンボール,ダンボール,ダンボ,ひもで十文字に束ねる
339,ちゃいるどしーと,チャイルドシート,金属,金属,
340,ちゃこし,茶こし,金属,金属,
341,ちゃたく（もくせい）,茶托（木製）,燃やせるごみ,可燃,
342,ちゃたく（とうじきせい）,茶托（陶磁器製）,燃やせないごみ,不燃,
343,ちゃたく（ぷらすちっくせい）,茶托（プラスチック製）,その他プラスチック,他プラ,
344,ちゃわん（とうじきせい）,茶碗（陶磁器製）,燃やせないごみ,不燃,
345,ちゃわん（ぷらすちっくせい）,茶碗（プラスチック製）,その他プラスチック,他プラ,
346,ちゅうしゃはり・ちゅうしゃき（ざいたくいりょうよう）,注射針・注射器（在宅医療用）,市で処理できません,処理不可,受診している医療機関に返して処分
347,ちょうみりょうのようき（がらすせい）,調味料の容器（ガラス製）,びん,びん,中身を使い切る
348,ちょうみりょうのようき（ぺっとぼとる）,調味料の容器（ペットボトル）,ペットボトル,ペット,中身を使い切る
349,ちょうみりょうのようき（ぷらすちっくせい）,調味料の容器（プラスチック製）,容器包装プラスチック,容プラ,汚れがとれないものは可燃
350,ちらし（こうこくるい）,チラシ（広告類）,新聞,新聞,新聞紙と一緒にひもで十文字に束ねる
351,ちりとり（きんぞくせい）,ちりとり（金属製）,金属,金属,
352,ちりとり（ぷらすちっくせい）,ちりとり（プラスチック製）,その他プラスチック,他プラ,
353,ちりがみ,ちり紙,燃やせるごみ,可燃,
354,つかいすてかいろ,使い捨てカイロ,燃やせるごみ,可燃,
355,つかいすてらいたー,使い捨てライター,危険ごみ,危険ごみ,まとめて別の透明・半透明袋に入れる
356,つくえ・てーぶる（もくせい）,机・テーブル（木製）,燃やせるごみ,可燃,
357,つくえ・てーぶる（きんぞくせい）,机・テーブル（金属製）,金属,金属,
358,つけものたる（もくせい）,漬物樽（木製）,燃やせるごみ,可燃,
359,つけものたる（ぷらすちっくせい）,漬物樽（プラスチック製）,その他プラスチック,他プラ,
360,つりいと,釣り糸,その他プラスチック,他プラ,
361,つりざお（たけせい）,釣り竿（竹製）,燃やせるごみ,可燃,
362,つりざお（かーぼんせい）,釣り竿（カーボン製）,燃やせないごみ,不燃,
363,つりざお（ぷらすちっくせい）,釣り竿（プラスチック製）,その他プラスチック,他プラ,
364,てぃーしゃつ,Ｔシャツ,衣類・布類,布類,
365,てーぶるくろす（ぬのせい）,テーブルクロス（布製）,衣類・布類,布類,
366,てーぶるくろす（びにーるせい）,テーブルクロス（ビニール製）,その他プラスチック,他プラ,
367,てぃしゅぺーぱー,ティシュペーパー,燃やせるごみ,可燃,
368,てぃしゅぺーぱーのはこ（かみせい）,ティシュペーパーの箱（紙製）,雑誌,雑誌,取り口のビニールは取り除き、雑誌と一緒にひもで十文字に束ねる
369,てぃしゅぺーぱーのふくろ（びにーるせい）,ティシュペーパーの袋（ビニール製）,容器包装プラスチック,容プラ,
370,てれび,テレビ,家電リサイクル法対象品目,家電,1.リサイクルする家電製品を購入した店か、買い替えをしようとする店に、リサイクル料金と収集運搬料金を支払い、依頼する。2.市の許可する収集運搬業者に、リサイクル料金と収集運搬料金を支払い、依頼する。3.郵便局で「家電リサイクル券」を購入し、指定引取場所に持込む。指定引取場所：(株)タヤマ 234-8666 津市高茶屋小森上野町南浜替1143 ※営業日、時間等は直接お問い合わせください。
371,てれほんかーど,テレホンカード,その他プラスチック,他プラ,
372,でんきかーぺっと・でんきもうふ,電気カーペット・電気毛布,燃やせないごみ,不燃,
373,でんきかみそり,電気かみそり,金属・市内エコステーションに持ち込む,エコ/金属,エコステーション持ち込みで資源ごみとなります
374,でんきべんざ,電気便座,金属,金属,
375,でんきゅう（はくねつでんきゅう・ＬＥＤでんきゅう）,電球（白熱電球・ＬＥＤ電球）,燃やせないごみ,不燃,
376,でんしれんじ,電子レンジ,金属,金属,
377,でんたく,電卓,金属・市内エコステーションに持ち込む,エコ/金属,電池は取り除く エコステーション持ち込みで資源ごみとなります
378,てんてきぱっく・ちゅーぶるい（ざいたくいりょうよう）,点滴パック・チューブ類（在宅医療用）,燃やせるごみ,可燃,衛生上の理由で焼却処理
379,てんと（ぬのせい）,テント（布製）,燃やせるごみ,可燃,
380,てんと（びにーるせい）,テント（ビニール製）,燃やせないごみ,不燃,
381,でんわき,電話機,金属・市内エコステーションに持ち込む,エコ/金属,エコステーション持ち込みで資源ごみとなります
382,とーすたー,トースター,金属,金属,
383,とうせきぱっく・ちゅーぶるい（ざいたくいりょうよう）,透析パック・チューブ類（在宅医療用）,燃やせるごみ,可燃,衛生上の理由で焼却処理
384,とうゆぽんぷ（しゅどう）,灯油ポンプ（手動）,その他プラスチック,他プラ,
385,とうゆぽんぷ（でんどう）,灯油ポンプ（電動）,金属,金属,電池は取り除く
386,とけい,時計,金属・市内エコステーションに持ち込む,エコ/金属,電池は取り除く エコステーション持ち込みで資源ごみとなります
387,とだな（もくせい）,戸棚（木製）,燃やせるごみ,可燃,ガラス部分は「不燃」に出す　1m以内に壊して、ガラス・金属部分は外してください。
388,とたん（きんぞくせい）,トタン（金属製）,金属,金属,
389,とたん（ぷらすちっくせい）,トタン（プラスチック製）,燃やせないごみ,不燃,
390,どなべ,土鍋,燃やせないごみ,不燃,
391,どらいやー,ドライヤー,金属・市内エコステーションに持ち込む,エコ/金属,エコステーション持ち込みで資源ごみとなります
392,とらんぷ（かみせい）,トランプ（紙製）,燃やせるごみ,可燃,
393,とらんぷ（ぷらすちっくせい）,トランプ（プラスチック製）,その他プラスチック,他プラ,
394,とれー・ぼん（もくせい）,トレー・盆（木製）,燃やせるごみ,可燃,
395,とれー・ぼん（ぷらすちっくせい）,トレー・盆（プラスチック製）,その他プラスチック,他プラ,
396,ないふ,ナイフ,金属,金属,刃部分を紙等で包む
397,ながぐつ（ごむせい）,長靴（ゴム製）,燃やせるごみ,可燃,
398,なべ,鍋,金属,金属,
399,なまごみ,生ごみ,燃やせるごみ,可燃,水分を切って出す
400,なわとび（ぬのせい）,なわとび（布製）,燃やせるごみ,可燃,
401,なわとび（びにーるせい）,なわとび（ビニール製）,その他プラスチック,他プラ,
402,にづくりひも（かみ・ぬのせい）,荷造り紐（紙・布製）,燃やせるごみ,可燃,
403,にづくりひも（びにーるせい）,荷造り紐（ビニール製）,その他プラスチック,他プラ,
404,にんぎょうけーす（もくせい）,人形ケース（木製）,燃やせるごみ,可燃,
405,にんぎょうけーす（がらすせい）,人形ケース（ガラス製）,燃やせないごみ,不燃,
406,にんぎょうけーす（ぷらすちっくせい）,人形ケース（プラスチック製）,その他プラスチック,他プラ,
407,ぬいぐるみ,ぬいぐるみ,燃やせるごみ,可燃,
408,ねくたい,ネクタイ,衣類・布類,布類,
409,ねじるい,ネジ類,金属,金属,空き缶等の小さな金属容器に入れて出す
410,ねっと（くだもののようき）,ネット（果物の容器）,容器包装プラスチック,容プラ,
411,ねんちゃくてーぷ（かみ・ぬのせい）,粘着テープ（紙・布製）,燃やせるごみ,可燃,
412,ねんちゃくてーぷ（びにーるせい）,粘着テープ（ビニール製）,その他プラスチック,他プラ,
413,ねんど,粘土,燃やせないごみ,不燃,
414,のーと,ノート,雑誌,雑誌,
415,のこぎり,のこぎり,金属,金属,
416,のりのふくろ（びにーるせい）,海苔の袋（ビニール製）,容器包装プラスチック,容プラ,中身を使い切る
417,のりのようき（きんぞくせい）,海苔の容器（金属製）,金属,金属,中身を使い切る
418,のりのようき（がらすせい）,海苔の容器（ガラス製）,びん,びん,中身を使い切る
419,のりのようき（ぷらすちっくせい）,海苔の容器（プラスチック製）,容器包装プラスチック,容プラ,中身を使い切る
420,はーもにか,ハーモニカ,金属,金属,
421,ばいく,バイク,市では収集しません,収集しない,廃棄オートバイ（原付バイクを含む）の処理に当たり、資源の有効活用を目的にオートバイの国内メーカー4社と輸入事業者12社によるリサイクルが行われています。「二輪車リサイクルコールセンター」03-3598-8075までお問い合わせください。
422,ぱいぷ（きんぞくせい）,パイプ（金属製）,金属,金属,
423,ぱいぷ（ぷらすちっくせい）,パイプ（プラスチック製）,その他プラスチック,他プラ,
424,はえたたき,はえたたき,その他プラスチック,他プラ,
425,はかり,はかり,金属,金属,
426,ばけつ（きんぞくせい）,バケツ（金属製）,金属,金属,
427,ばけつ（ぷらすちっくせい）,バケツ（プラスチック製）,その他プラスチック,他プラ,
428,はさみ,ハサミ,金属,金属,刃部分を紙等で包む
429,はし（たけ・もくせい）,箸（竹・木製）,燃やせるごみ,可燃,
430,はし（ぷらすちっくせい）,箸（プラスチック製）,その他プラスチック,他プラ,
431,はしご・きゃたつ（もくせい）,はしご・脚立（木製）,燃やせるごみ,可燃,１m以内に壊す
432,はしご・きゃたつ（きんぞくせい）,はしご・脚立（金属製）,金属,金属,
433,ぱそこん・ぱそこんのでぃすぷれい,パソコン・パソコンのディスプレイ,市内エコステーションに持ち込む,エコ,「資源有効利用促進法」により、メーカー等が回収しリサイクルします。http://www.pc3r.jp/
434,はち（とうじきせい）,鉢（陶磁器製）,燃やせないごみ,不燃,
435,はち（ぷらすちっくせい）,鉢（プラスチック製）,その他プラスチック,他プラ,
436,ばってりー,バッテリー,市で処理できません,処理不可,販売店または専門の処理業者に処理を依頼してください。
437,ばっと（もくせい）,バット（木製）,燃やせるごみ,可燃,
438,ばっと（きんぞくせい）,バット（金属製）,金属,金属,
439,ばっと（ぷらすちっくせい）,バット（プラスチック製）,その他プラスチック,他プラ,
440,はっぽうすちろーる,発泡スチロール,容器包装プラスチック,容プラ,
441,はなび,花火,燃やせるごみ,可燃,水で湿らせる
442,はぶらし（でんどうしき）,歯ブラシ（電動式）,金属,金属,電池は取り除く
443,はぶらし（ぷらすちっくせい）,歯ブラシ（プラスチック製）,その他プラスチック,他プラ,
444,はみがきこちゅーぶ（ぷらすちっくせい）,歯磨き粉チューブ（プラスチック製）,容器包装プラスチック,容プラ,中身を使い切る
445,はみがきこちゅーぶ（きんぞくせい）,歯磨き粉チューブ（金属製）,金属,金属,中身を使い切る
446,はりるい,針類,金属,金属,空き缶等の小さな金属容器に入れて出す
447,はんがー（きんぞくせい）,ハンガー（金属製）,金属,金属,
448,はんがー（ぷらすちっくせい）,ハンガー（プラスチック製）,その他プラスチック,他プラ,
449,ぱんてぃーすとっきんぐ,パンティーストッキング,燃やせるごみ,可燃,
450,はんどばっぐ（ひかくせい）,ハンドバッグ（皮革製）,燃やせるごみ,可燃,
451,ぱんふれっと（かみせい）,パンフレット（紙製）,雑誌,雑誌,ひもで十文字に束ねる
452,ぱんふれっと（びにーるこーとかこうしせい）,パンフレット（ビニールコート加工紙製）,燃やせるごみ,可燃,リサイクルが困難なため
453,びーだま,ビー玉,燃やせないごみ,不燃,
454,びーるびん,ビール瓶,びん,びん,なるべく販売店に戻す
455,ぴあにか（けんばんはーもにか）,ピアニカ（鍵盤ハーモニカ）,金属,金属,ケース、チューブは他プラ
456,ぴあの,ピアノ,市で処理できません,処理不可,販売店または専門の処理業者に処理を依頼してください。
457,ひげそり,ひげそり,金属,金属,
458,びでおかめら,ビデオカメラ,金属,金属,
459,びでおでっき,ビデオデッキ,金属,金属,
460,びでおてーぷ・けーす,ビデオテープ・ケース,その他プラスチック,他プラ,
461,びにーるしーと,ビニールシート,その他プラスチック,他プラ,
462,びにーるくろす,ビニールクロス,その他プラスチック,他プラ,
463,びにーるふろしき,ビニール風呂敷,その他プラスチック,他プラ,
464,ひばち（とうじきせい）,火鉢（陶磁器製）,燃やせないごみ,不燃,
465,ひばさみ,火バサミ,金属,金属,
466,びん（いんしょくよう）,びん（飲食用）,びん,びん,中身を使い切る
467,びん（のうやく・けしょうひんよう）,びん（農薬・化粧品用）,燃やせないごみ,不燃,中身を使い切る
468,びんせん,便箋,雑誌,雑誌,雑誌と一緒にひもで十文字に束ねる
469,ふぁっくす,ファックス,金属・市内エコステーションに持ち込む,エコ/金属,エコステーション持ち込みで資源ごみとなります
470,ふぁんひーたー,ファンヒーター,金属,金属,
471,ふぃるむ（ねが）,フィルム（ネガ）,その他プラスチック,他プラ,
472,ふうとう,封筒,燃やせるごみ,可燃,
473,ふうりん（きんぞくせい）,風鈴（金属製）,金属,金属,
474,ふうりん（とうじき・がらすせい）,風鈴（陶磁器・ガラス製）,燃やせないごみ,不燃,
475,ふぉーく（きんぞくせい）,フォーク（金属製）,金属,金属,
476,ふぉーく（ぷらすちっくせい）,フォーク（プラスチック製）,その他プラスチック,他プラ,
477,ふで（たけ・もくせい）,筆（竹・木製）,燃やせるごみ,可燃,
478,ふで（ぷらすちっくせい）,筆（プラスチック製）,その他プラスチック,他プラ,
479,ふでばこ（きんぞくせい）,筆箱（金属製）,金属,金属,
480,ふでばこ（たけ・もくせい）,筆箱（竹・木製）,燃やせるごみ,可燃,
481,ふでばこ（ぷらすちっくせい）,筆箱（プラスチック製）,その他プラスチック,他プラ,
482,ふとん,布団,燃やせるごみ,可燃,わたを取り出し、シーツ部分は「布類」に出す
483,ふとんかんそうき,布団乾燥機,金属,金属,
484,ふとんはたき（たけせい）,布団叩き（竹製）,燃やせるごみ,可燃,
485,ふとんはたき（ぷらすちっくせい）,布団叩き（プラスチック製）,その他プラスチック,他プラ,
486,ふらいぱん,フライパン,金属,金属,
487,ぶらいんど（きんぞくせい）,ブラインド（金属製）,金属,金属,
488,ぶらいんど（ぷらすちっくせい）,ブラインド（プラスチック製）,その他プラスチック,他プラ,
489,ぷらもでる,プラモデル,その他プラスチック,他プラ,モーターは「金属」に出す
490,ぷらんたー（とうじきせい）,プランター（陶磁器製）,燃やせないごみ,不燃,
491,ぷらんたー（ぷらすちっくせい）,プランター（プラスチック製）,その他プラスチック,他プラ,
492,ぷりんのふた（あるみせい）,プリンのふた（アルミ製）,燃やせるごみ,可燃,
493,ぷりんのふた（ぷらすちっくせい）,プリンのふた（プラスチック製）,容器包装プラスチック,容プラ,
494,ぷりんのようき（かみせい）,プリンの容器（紙製）,燃やせるごみ,可燃,中身を使い切る
495,ぷりんのようき（がらすせい）,プリンの容器（ガラス製）,びん,びん,中身を使い切る
496,ぷりんのようき（ぷらすちっくせい）,プリンの容器（プラスチック製）,容器包装プラスチック,容プラ,中身を使い切る
497,ぷりんたー,プリンター,金属,金属,
498,ふろっぴーでぃすく,フロッピーディスク,金属,金属,
499,ふろのおけ・いす・ふた（もくせい）,風呂の桶・いす・ふた（木製）,燃やせるごみ,可燃,
500,ふろのおけ・いす・ふた（ぷらすちっくせい）,風呂の桶・いす・ふた（プラスチック製）,その他プラスチック,他プラ,
501,ふろまっと,風呂マット,その他プラスチック,他プラ,
502,ぺーぱーないふ（きんぞくせい）,ペーパーナイフ（金属製）,金属,金属,
503,ぺーぱーないふ（ぷらすちっくせい）,ペーパーナイフ（プラスチック製）,その他プラスチック,他プラ,
504,へあーぶらし,ヘアーブラシ,その他プラスチック,他プラ,
505,ぺっとぼとる,ペットボトル,ペットボトル,ペット,PETマークのみ対象
506,ぺっとぼとるのふた,ペットボトルのふた,容器包装プラスチック,容プラ,
507,ぺっとようのといれすな,ペット用のトイレ砂,燃やせるごみ,可燃,
508,べびーらっく,ベビーラック,金属,金属,
509,べびーかー,ベビーカー,金属,金属,
510,へるすめーたー（たいじゅうけい）,ヘルスメーター（体重計）,金属,金属,電池は取り除く
511,べると（ぬのせい）,ベルト（布製）,燃やせるごみ,可燃,バックル部分は「金属」に出す
512,べると（ひかくせい）,ベルト（皮革製）,燃やせるごみ,可燃,バックル部分は「金属」に出す
513,べると（びにーるせい）,ベルト（ビニール製）,その他プラスチック,他プラ,バックル部分は「金属」に出す
514,へるめっと,ヘルメット,その他プラスチック,他プラ,
515,ぺんち,ペンチ,金属,金属,
516,べんとうばこ（かみせい）,弁当箱（紙製）,燃やせるごみ,可燃,リサイクルが困難なため
517,べんとうばこ（きんぞくせい）,弁当箱（金属製）,金属,金属,
518,べんとうばこ（ぷらすちっくせい）,弁当箱（プラスチック製）,その他プラスチック,他プラ,
519,ほーす（ごむせい）,ホース（ゴム製）,燃やせるごみ,可燃,
520,ほーす（びにーるせい）,ホース（ビニール製）,その他プラスチック,他プラ,
521,ぼーるぺん,ボールペン,その他プラスチック,他プラ,
522,ほーろーなべ,ホーロー鍋,金属,金属,
523,ほうき（たけせい）,ほうき（竹製）,燃やせるごみ,可燃,
524,ほうき（ぷらすちっくせい）,ほうき（プラスチック製）,その他プラスチック,他プラ,
525,ほうそうし（かみせい）,包装紙（紙製）,雑誌,雑誌,雑誌と一緒にひもで十文字に束ねる
526,ほうそうし（ゆしせい）,包装紙（油紙製）,燃やせるごみ,可燃,リサイクルが困難なため
527,ほうそうし（びにーるこーとかこうしせい）,包装紙（ビニールコート加工紙製）,燃やせるごみ,可燃,リサイクルが困難なため
528,ほうちょう（きんぞくせい）,包丁（金属製）,金属,金属,刃部分を紙等で包む
529,ほうちょう（せらみっくせい）,包丁（セラミック製）,燃やせないごみ,不燃,刃部分を紙等で包む
530,ぼうる（だいどころようひん）（きんぞくせい）,ボウル（台所用品）（金属製）,金属,金属,
531,ぼうる（ぷらすちっくせい）,ボウル（プラスチック製）,その他プラスチック,他プラ,
532,ほこうき,歩行器,金属,金属,
533,ぽっと,ポット,金属,金属,
534,ほっとかーぺっと,ホットカーペット,燃やせないごみ,不燃,
535,ほっとぷれーと,ホットプレート,金属,金属,
536,ほにゅうびん（がらすせい）,哺乳びん（ガラス製）,燃やせないごみ,不燃,
537,ほにゅうびん（ぷらすちっくせい）,哺乳びん（プラスチック製）,その他プラスチック,他プラ,
538,ぽりたんく,ポリタンク,その他プラスチック,他プラ,
539,ほれいざい,保冷剤,燃やせるごみ,可燃,
540,ほん,本,雑誌,雑誌,ひもで十文字に束ねる
541,ほんだな・ほんたて（もくせい）,本棚・本立て（木製）,燃やせるごみ,可燃,
542,ほんだな・ほんたて（きんぞくせい）,本棚・本立て（金属製）,金属,金属,
543,ほんだな・ほんたて（ぷらすちっくせい）,本棚・本立て（プラスチック製）,その他プラスチック,他プラ,
544,まうす（ぱそこんよう）,マウス（パソコン用）,金属・市内エコステーションに持ち込む,エコ/金属,電池は取り除く エコステーション持ち込みで資源ごみとなります
545,まくら（なかみがそばから・すぽんじせい）,枕（中身がそば殻・スポンジ製）,燃やせるごみ,可燃,
546,まくら（なかみがぷらすちっくせい）,枕（中身がプラスチック製）,その他プラスチック,他プラ,
547,まごのて（たけ・もくせい）,孫の手（竹・木製）,燃やせるごみ,可燃,
548,まごのて（ぷらすちっくせい）,孫の手（プラスチック製）,その他プラスチック,他プラ,
549,まじっくぺん,マジックペン,燃やせないごみ,不燃,
550,ます（もくせい）,枡（木製）,燃やせるごみ,可燃,
551,ます（ぷらすちっくせい）,枡（プラスチック製）,その他プラスチック,他プラ,
552,まっさーじちぇあ,マッサージチェア,金属,金属,
553,まっち,マッチ,燃やせるごみ,可燃,水で湿らせる
554,まっとれす（きんぞくすぷりんぐいり）,マットレス（金属スプリング入り）,金属,金属,
555,まっとれす（きんぞくすぷりんぐなし）,マットレス（金属スプリング無し）,燃やせるごみ,可燃,１ｍ以内に切る
556,まないた（もくせい）,まな板（木製）,燃やせるごみ,可燃,
557,まないた（ぷらすちっくせい）,まな板（プラスチック製）,その他プラスチック,他プラ,
558,まよねーずのようき・ふた（ぷらすちっくせい）,マヨネーズの容器・ふた（プラスチック製）,容器包装プラスチック,容プラ,中身を使い切る
559,みきさーほんたい,ミキサー本体,金属,金属,
560,みきさーじょうぶ（がらすせい）,ミキサー上部（ガラス製）,燃やせないごみ,不燃,
561,みきさーじょうぶ（ぷらすちっくせい）,ミキサー上部（プラスチック製）,その他プラスチック,他プラ,
562,みしん,ミシン,金属,金属,
563,みずまくら（ごむせい）,水枕（ゴム製）,燃やせるごみ,可燃,水は抜く
564,みにこんぽ,ミニコンポ,金属,金属,
565,みにでぃすく（えむでぃー）,ミニディスク（ＭＤ）,その他プラスチック,他プラ,
566,みみかき（たけ・もくせい）,耳掻き（竹・木製）,燃やせるごみ,可燃,
567,みみかき（ぷらすちっくせい）,耳掻き（プラスチック製）,その他プラスチック,他プラ,
568,むしかご（きんぞくせい）,虫かご（金属製）,金属,金属,
569,むしかご（たけ・もくせい）,虫かご（竹・木製）,燃やせるごみ,可燃,
570,むしかご（ぷらすちっくせい）,虫かご（プラスチック製）,その他プラスチック,他プラ,
571,むしき（きんぞくせい）,蒸し器（金属製）,金属,金属,
572,むしき（たけ・もくせい）,蒸し器（竹・木製）,燃やせるごみ,可燃,
573,むしめがね,虫めがね,燃やせないごみ,不燃,
574,めがね・さんぐらす（きんぞくせい）,めがね・サングラス（金属製）,金属,金属,
575,めがね・さんぐらす（せるろいどせい）,めがね・サングラス（セルロイド製）,燃やせないごみ,不燃,
576,めがほん（かみせい）,メガホン（紙製）,燃やせるごみ,可燃,
577,めがほん（ぷらすちっくせい）,メガホン（プラスチック製）,その他プラスチック,他プラ,
578,めじゃー・まきじゃく（きんぞくせい）,メジャー・巻尺（金属製）,金属,金属,
579,めじゃー・まきじゃく（びにーるせい）,メジャー・巻尺（ビニール製）,その他プラスチック,他プラ,
580,もうふ,毛布,衣類・布類,布類,
581,もちつきき,餅つき機,金属,金属,
582,ものほしさお（たけせい）,物干し竿（竹製）,燃やせるごみ,可燃,１ｍ以内に切る
583,ものほしさお（きんぞくせい）,物干し竿（金属製）,金属,金属,
584,ものほしだいのしちゅう（きんぞくせい）,物干し台の支柱（金属製）,金属,金属,
585,ものほしだいのだいざ,物干し台の台座,燃やせないごみ,不燃,
586,やかん,やかん,金属,金属,
587,やくひん（のみやく）のびん,薬品（飲み薬）のびん,びん,びん,中身を使い切る
588,やくひん（のみやくいがい）のびん,薬品（飲み薬以外）のびん,燃やせないごみ,不燃,中身を使い切る
589,ゆかた・おびひも,ゆかた・帯紐,衣類・布類,布類,
590,ゆたんぽ（きんぞくせい）,湯たんぽ（金属製）,金属,金属,
591,ゆたんぽ（とうじきせい）,湯たんぽ（陶磁器製）,燃やせないごみ,不燃,
592,ゆたんぽ（ぷらすちっくせい）,湯たんぽ（プラスチック製）,その他プラスチック,他プラ,
593,ゆのみぢゃわん,湯飲み茶碗,燃やせないごみ,不燃,
594,ゆわかしき,湯沸し器,金属,金属,電池は取り除く
595,よーぐるとのふた（あるみせい）,ヨーグルトのふた（アルミ製）,燃やせるごみ,可燃,
596,よーぐるとのふた（ぷらすちっくせい）,ヨーグルトのふた（プラスチック製）,容器包装プラスチック,容プラ,
597,よーぐるとのようき（かみせい）,ヨーグルトの容器（紙製）,燃やせるごみ,可燃,中身を使い切る
598,よーぐるとのようき（がらすせい）,ヨーグルトの容器（ガラス製）,びん,びん,中身を使い切る
599,よーぐるとのようき（ぷらすちっくせい）,ヨーグルトの容器（プラスチック製）,容器包装プラスチック,容プラ,中身を使い切る
600,よくそう,浴槽,燃やせないごみ,不燃,
601,らいたー,ライター,燃やせないごみ,不燃,まとめて別の透明・半透明袋に入れる
602,らけっと（てにす）,ラケット（テニス）,燃やせないごみ,不燃,
603,らけっと（ばどみんとん）,ラケット（バドミントン）,燃やせないごみ,不燃,
604,らけっと（たっきゅう）,ラケット（卓球）,燃やせるごみ,可燃,
605,らじお・らじかせ,ラジオ・ラジカセ,金属・市内エコステーションに持ち込む,エコ/金属,電池は取り除く エコステーション持ち込みで資源ごみとなります
606,らっぷ（しょくひんよう）,ラップ（食品用）,容器包装プラスチック,容プラ,汚れがとれないものは可燃
607,らっぷ（しょくひんよう）のしん（かみせい）,ラップ（食品用）の芯（紙製）,燃やせるごみ,可燃,
608,らっぷ（しょくひんよう）のそとばこ（かみせい）,ラップ（食品用）の外箱（紙製）,雑誌,雑誌,カッター部分は「金属」に出し、雑誌と一緒にひもで十文字に束ねる
609,らんどせる（ひかく・ごうせいひかくせい）,ランドセル（皮革・合成皮革製）,燃やせるごみ,可燃,
610,りこーだー・たてふえ（ぷらすちっくせい）,リコーダー・たて笛（プラスチック製）,その他プラスチック,他プラ,
611,りもこん,リモコン,金属・市内エコステーションに持ち込む,エコ/金属,電池は取り除く エコステーション持ち込みで資源ごみとなります
612,りやかー,リヤカー,金属,金属,
613,りゅっくさっく（ぬのせい）,リュックサック（布製）,燃やせるごみ,可燃,
614,りゅっくさっく（ひかくせい）,リュックサック（皮革製）,燃やせるごみ,可燃,
615,りゅっくさっく（びにーるせい）,リュックサック（ビニール製）,その他プラスチック,他プラ,
616,りんすのようき（ぷらすちっくせい）,リンスの容器（プラスチック製）,容器包装プラスチック,容プラ,中身を使い切る
617,りんすのつめかえようようき,リンスの詰め替え用容器,容器包装プラスチック,容プラ,中身を使い切る
618,るーずりーふ（かみせい）,ルーズリーフ（紙製）,燃やせるごみ,可燃,金属部分は「金属」に出す
619,るーずりーふ（ぷらすちっくせい）,ルーズリーフ（プラスチック製）,その他プラスチック,他プラ,金属部分は「金属」に出す
620,れいぞうこ,冷蔵庫,家電リサイクル法対象品目,家電,1.リサイクルする家電製品を購入した店か、買い替えをしようとする店に、リサイクル料金と収集運搬料金を支払い、依頼する。2.市の許可する収集運搬業者に、リサイクル料金と収集運搬料金を支払い、依頼する。3.郵便局で「家電リサイクル券」を購入し、指定引取場所に持込む。指定引取場所：(株)タヤマ 234-8666 津市高茶屋小森上野町南浜替1143 ※営業日、時間等は直接お問い合わせください。
621,れいとうこ,冷凍庫,家電リサイクル法対象品目,家電,1.リサイクルする家電製品を購入した店か、買い替えをしようとする店に、リサイクル料金と収集運搬料金を支払い、依頼する。2.市の許可する収集運搬業者に、リサイクル料金と収集運搬料金を支払い、依頼する。3.郵便局で「家電リサイクル券」を購入し、指定引取場所に持込む。指定引取場所：(株)タヤマ 234-8666 津市高茶屋小森上野町南浜替1143 ※営業日、時間等は直接お問い合わせください。
622,れこーど,レコード,その他プラスチック,他プラ,
623,れこーどのじゃけっと（かみせい）,レコードのジャケット（紙製）,雑誌,雑誌,雑誌と一緒にひもで十文字に束ねる
624,れじぶくろ,レジ袋,容器包装プラスチック,容プラ,プラマークのあるもの
625,れじゃーしーと,レジャーシート,その他プラスチック,他プラ,
626,れとるとぱっく,レトルトパック,容器包装プラスチック,容プラ,汚れがとれないものは可燃
627,れんじ,レンジ,金属,金属,電池は取り除く
628,れんじふーど（あるみせい）,レンジフード（アルミ製）,金属,金属,
629,れんず（がらすせい）,レンズ（ガラス製）,燃やせないごみ,不燃,
630,れんず（ぷらすちっくせい）,レンズ（プラスチック製）,その他プラスチック,他プラ,
631,ろーぷ（ぬの・あさせい）,ロープ（布・麻製）,燃やせるごみ,可燃,
632,ろーぷ（びにーるせい）,ロープ（ビニール製）,その他プラスチック,他プラ,
633,ろうそく,ろうそく,燃やせるごみ,可燃,
634,わーぷろ,ワープロ,金属,金属,
635,わいしゃつ,ワイシャツ,衣類・布類,布類,
636,わいぱーごむ,ワイパーゴム,燃やせるごみ,可燃,
637,わいぱーきんぞくぶひん,ワイパー金属部品,金属,金属,
638,わいんのびん,ワインのびん,びん,びん,中身を使い切る
639,わごむ,輪ゴム,燃やせるごみ,可燃,
640,めん,綿,燃やせるごみ,可燃,
641,わりばし,割り箸,燃やせるごみ,可燃,
642,わりばしのそとぶくろ（かみせい）,割り箸の外袋（紙製）,燃やせるごみ,可燃,
643,わりばしのそとぶくろ（ぷらすちっくせい）,割り箸の外袋（プラスチック製）,容器包装プラスチック,容プラ,
644,わんかっぷのようき,ワンカップの容器,びん,びん,中身を使い切る
5000,えーしーあだぷたacあだぷた,ACアダプター,燃やせないごみ,不燃,ユーザ投稿
5001,もばいるばってりー,モバイルバッテリー,蛍光管・乾電池,蛍・乾,ユーザ投稿
5002,ちゃいるどしーと・ぷらすちっくせい（じてんしゃ）,自転車用チャイルドシート（プラスチック製）,金属,金属,ユーザ投稿
5003,ざいす,座椅子,金属,金属,ユーザ投稿
5004,ほぞんびん,保存ビン,びん,びん,ユーザ投稿
5005,てれふぉんかーど,テレフォンカード,燃やせるごみ,可燃,磁気カード全般は燃やせるゴミ。ユーザ投稿
5006,くれじっとかーど,クレジットカード,燃やせるごみ,可燃,磁気部分をハサミで切る。外から見えないように捨てる。ユーザ投稿
5007,なべのふた,鍋の蓋（ガラス製）,燃やせないごみ,不燃,ユーザ投稿
5008,かしつき,加湿器,金属,金属,ユーザ投稿
5009,じょしつき,除湿機,金属,金属,ユーザ投稿
5010,くつないろんせい,靴（ナイロン製）,燃やせるごみ,可燃,ユーザ投稿
6000,いふく,衣服,衣類・布類,布類,革製品やわた・羽毛が入っているのものは「可燃」に出す
6001,いものるい（ふらいぱん・なべなど）,鋳物類（フライパン・鍋など）,金属,金属,
6002,いんりょうようかみぱっく,飲料用紙パック,飲料用紙パック,紙パ,切り開いてひもで十文字に束ねる
6003,おーとばい（げんどうきつきじでんしゃをふくむ）,オートバイ（原動機付き自転車含む）,市で処理できません,処理不可,廃棄オートバイ（原付バイクを含む）の処理に当たり、資源の有効活用を目的にオートバイの国内メーカー4社と輸入事業者12社によるリサイクルが行われています。「二輪車リサイクルコールセンター」03-3598-8075までお問い合わせください。
6004,おいるひーたー,オイルヒーター,市で処理できません,処理不可,販売店または専門の処理業者に処理を依頼してください。
6005,おまる（ぽーたぶるといれ）,おまる（ポータブルトイレ）,その他プラスチック,他プラ,汚物を取り除く
6006,おもちゃ（きんぞくせい・きんぞくいりのもの）,おもちゃ（金属製・金属入りのもの）,金属,金属,
6007,かーてん・れーす,カーテン・レース,燃やせるごみ,可燃,
6008,かさ（きんぞくいりのもの）,傘（金属入りのもの）,金属,金属,
6009,かばん（かわ・ぬのせい・えなめるせい）,かばん（皮革・布製・エナメル製）,燃やせるごみ,可燃,
6010,かみおむつ,紙おむつ,燃やせるごみ,可燃,汚物はトイレに流して出す・在宅医療廃棄物は袋にイまたは医と表示してください。
6011,きゃりーけーす,キャリーケース,燃やせないごみ,不燃,
6012,きんこ（たいかせい）,金庫（耐火性）,燃やせないごみ,不燃,
6013,きんこ（てさげよう）,金庫（手さげ用）,金属,金属,
6014,くつ（ぬのせい・かわせい・きんぞくいりあんぜんぐつ）,靴（布製・皮革製・金属入り安全靴）,燃やせるごみ,可燃,
6015,くっしょん（わたせい）,クッション（わた製）,燃やせるごみ,可燃,
6016,くるまいす,車椅子,金属,金属,
6017,くるまのひよけ（びにーるせい）,車の日よけ（ビニール製）,その他プラスチック,他プラ,
6018,げーむき・げーむそふと,ゲーム機・ゲームソフト ,金属,金属,ゲームソフトで DVD のような物は、他プラに出す
6019,けいたいでんわ,携帯電話,市内エコステーションに持ち込む,エコ,「モバイル・リサイクル・ネットワーク」の専用ロゴマークのある販売店で回収・エコステーション持ち込みで資源ごみとなります
6020,けいたいでんわのじゅうでんき,携帯電話の充電器,金属・市内エコステーションに持ち込む,エコ/金属,エコステーション持ち込みで資源ごみとなります
6021,こーひーめーかー,コーヒーメーカー,金属,金属,ガラス容器は不燃
6022,ごむせいひん（てぶくろ・わごむとう）,ゴム製品（手袋・輪ゴム等）,燃やせるごみ,可燃,
6023,さいどぼーど,サイドボード,燃やせるごみ,可燃,ガラス部分は「不燃」に出す
6024,じしゃくるい,磁石類,燃やせないごみ,不燃,
6025,じゅうたん,じゅうたん,燃やせるごみ,可燃,１ｍをこえる場合は不燃
6026,しゃんぷーのつめかえようようき,シャンプーの詰め替え用容器,容器包装プラスチック,容プラ,中身を使い切る
6027,しょっきだな,食器棚,燃やせるごみ,可燃,ガラス部分は「不燃」に出す
6028,じんこうしば,人工芝,その他プラスチック,他プラ,
6029,しんなー,シンナー,市で処理できません,処理不可,販売店または専門の処理業者に処理を依頼してください。
6030,しんぶん,新聞,新聞,新聞,ひもで十文字に束ねる
6031,すーつ（せびろ）,スーツ（背広） ,衣類・布類,布類,
6032,すいとう（ぷらすちっくせい）,水筒（プラスチック製）,その他プラスチック,他プラ,
6033,すいとう（まほうびんとうほおんせいのもの）,水筒（魔法瓶等の保温性のもの）,金属,金属,
6034,すきー・すのーぼーどようひん（いた・くつ）,スキー・スノーボード用品（板・靴）,燃やせないごみ,不燃,
6035,せっけん（こたい・こな）,せっけん（固体、粉）,燃やせるごみ,可燃,
6036,せっこうぼーど,石膏ボード,市で処理できません,処理不可,販売店または専門の処理業者に処理を依頼してください。
6037,ぞうか（わいやーいり）,造花（ワイヤー入り）,金属,金属,
6038,ぞうか（ぷらすちっくせい）,造花（プラスチック製）,その他プラスチック,他プラ,
6039,たいや（じどうしゃ、おーとばい）,タイヤ（自動車、オートバイ）,市で処理できません,処理不可,販売店または専門の処理業者に処理を依頼してください。
6040,たいや（じどうしゃ、おーとばい）じてんしゃ、いちりんしゃ）,タイヤ（自転車、一輪車）,金属,金属,
6041,たいや（じてんしゃ、いちりんしゃ）のチューブ,タイヤ（自転車、一輪車）のチューブ,燃やせるごみ,可燃,
6042,たくじょうかせっとがすぼんべ,卓上カセットガスボンベ,危険ごみ,危険ごみ,
6043,だんねつざい,断熱材,市で処理できません,処理不可,販売店または専門の処理業者に処理を依頼してください。
6044,でんきかーぺっと,電気カーペット,燃やせないごみ,不燃,
6045,でんきべんざ（おんすいせんじょうしきをふくむ）,電気便座（温水洗浄式を含む）,金属,金属,
6046,でんきもうふ,電気毛布,燃やせないごみ,不燃,
6047,でんきゅう（はくねつでんきゅう・LEDでんきゅう・えるいーでぃー）,電球（白熱電球・LED 電球）,燃やせないごみ,不燃,
6048,にづくりひも（ぬのせい）,荷造り紐（布製）,燃やせるごみ,可燃,
6049,のうきぐ,農機具,市で処理できません,処理不可,販売店または専門の処理業者に処理を依頼してください。
6050,のうやく,農薬,市で処理できません,処理不可,販売店または専門の処理業者に処理を依頼してください。
6051,ふせんもう,不織布,燃やせるごみ,可燃,
6052,はぶらし,歯ブラシ,その他プラスチック,他プラ,
6053,はものるい　ほうちょう・かまとう（きんぞくせい）,刃物類 包丁・鎌等（金属製）,金属,金属,刃部分を紙等で包む
6054,はものるい　ほうちょう・かまとう（せらみっくせい）,刃物類 包丁等（セラミック製）,燃やせないごみ,不燃,刃部分を紙等で包む
6055,びでおかめら（DVD)・びでおでっき（DVD),ビデオカメラ（DVD）・ビデオデッキ（DVD）,金属・市内エコステーションに持ち込む,エコ/金属,エコステーション持ち込みで資源ごみとなります
6056,びでおてーぷ（DVD),ビデオテープ（DVD）,その他プラスチック,他プラ,
6057,びにーるなみいた,ビニール波板,燃やせないごみ,不燃,
6058,びん（しょうどく・のうやく・けしょうようひん）,びん（消毒・農薬・化粧品用）,燃やせないごみ,不燃,中身を使い切る
6059,ふとん（うもう）,布団（羽毛）,燃やせるごみ,可燃,布団を縛って袋に入れる
6060,ぺっとようのすな・ふん,ペット用の砂・糞,燃やせるごみ,可燃,
6061,べると（ぬのせい・かわせい）,ベルト（布製・皮革製）,燃やせるごみ,可燃,バックル部分は「金属」に出す
6062,ぺんき,ペンキ,市で処理できません,処理不可,販売店または専門の処理業者に処理を依頼してください。
6063,ぼーる（なんきゅう、さっかーとう）,ボール（軟球、サッカー等）,燃やせるごみ,可燃,中身が空洞なもの
6064,ぼーる（こうきゅう、ごるふ、ぼーりんぐとう）,ボール（硬球、ゴルフ、ボーリング等）,燃やせないごみ,不燃,中身が詰まっているもの
6065,らけっと（かーぼんせい）,ラケット（カーボン製）,燃やせないごみ,不燃,
6066,らけっと（もくせい）,ラケット（木製）,燃やせるごみ,可燃,
6067,れいぞうこ・れいとうこ,冷蔵庫・冷凍庫,家電リサイクル法対象品目,家電,1.リサイクルする家電製品を購入した店か、買い替えをしようとする店に、リサイクル料金と収集運搬料金を支払い、依頼する。2.市の許可する収集運搬業者に、リサイクル料金と収集運搬料金を支払い、依頼する。3.郵便局で「家電リサイクル券」を購入し、指定引取場所に持込む。指定引取場所：(株)タヤマ 234-8666 津市高茶屋小森上野町南浜替1143 ※営業日、時間等は直接お問い合わせください。
6068,わた,わた,燃やせるごみ,可燃,
6069,いっとかん・いんりょうようかん,一斗缶・飲料用缶類,金属,金属,